model,source_phase,fold,sample_index,y_true,y_pred,y_prob_positive,sample_key
cnn1d,phase3_pose_cnn,2,0,0,0,0.4513275623321533,Speed_finals_Chamonix_2024_race001:left
cnn1d,phase3_pose_cnn,1,2,0,0,0.1567045450210571,Speed_finals_Chamonix_2024_race002:left
cnn1d,phase3_pose_cnn,1,4,0,0,0.0803095251321792,Speed_finals_Chamonix_2024_race003:left
cnn1d,phase3_pose_cnn,1,7,0,0,0.0287297014147043,Speed_finals_Chamonix_2024_race004:right
cnn1d,phase3_pose_cnn,1,8,0,0,0.1309028565883636,Speed_finals_Chamonix_2024_race005:left
cnn1d,phase3_pose_cnn,1,10,0,0,0.1576775163412094,Speed_finals_Chamonix_2024_race006:left
cnn1d,phase3_pose_cnn,0,12,0,0,0.3230592012405395,Speed_finals_Chamonix_2024_race007:left
cnn1d,phase3_pose_cnn,1,15,0,0,0.0407814644277095,Speed_finals_Chamonix_2024_race008:right
cnn1d,phase3_pose_cnn,0,17,0,0,0.3819511234760284,Speed_finals_Chamonix_2024_race009:right
cnn1d,phase3_pose_cnn,0,21,0,0,0.4283873736858368,Speed_finals_Chamonix_2024_race011:right
cnn1d,phase3_pose_cnn,0,22,0,0,0.3124062120914459,Speed_finals_Chamonix_2024_race012:left
cnn1d,phase3_pose_cnn,0,26,0,0,0.1503048837184906,Speed_finals_Chamonix_2024_race014:left
cnn1d,phase3_pose_cnn,2,28,0,0,0.3801639378070831,Speed_finals_Chamonix_2024_race015:left
cnn1d,phase3_pose_cnn,0,31,0,0,0.2735617458820343,Speed_finals_Chamonix_2024_race016:right
cnn1d,phase3_pose_cnn,2,32,0,0,0.4903291761875152,Speed_finals_Chamonix_2024_race017:left
cnn1d,phase3_pose_cnn,0,33,0,0,0.2752485573291778,Speed_finals_Chamonix_2024_race017:right
cnn1d,phase3_pose_cnn,2,35,0,0,0.4189842045307159,Speed_finals_Chamonix_2024_race018:right
cnn1d,phase3_pose_cnn,2,37,0,0,0.4133347868919372,Speed_finals_Chamonix_2024_race019:right
cnn1d,phase3_pose_cnn,0,38,0,0,0.3752878606319427,Speed_finals_Chamonix_2024_race020:left
cnn1d,phase3_pose_cnn,0,40,0,0,0.3114179372787475,Speed_finals_Chamonix_2024_race021:left
cnn1d,phase3_pose_cnn,2,42,0,0,0.3772228956222534,Speed_finals_Chamonix_2024_race022:left
cnn1d,phase3_pose_cnn,2,45,0,0,0.4459238648414612,Speed_finals_Chamonix_2024_race024:left
cnn1d,phase3_pose_cnn,0,46,0,0,0.3326061069965362,Speed_finals_Chamonix_2024_race024:right
cnn1d,phase3_pose_cnn,1,49,0,0,0.0342625454068183,Speed_finals_Chamonix_2024_race026:right
cnn1d,phase3_pose_cnn,2,50,0,0,0.406002938747406,Speed_finals_Chamonix_2024_race027:left
cnn1d,phase3_pose_cnn,0,52,0,0,0.2679595649242401,Speed_finals_Chamonix_2024_race028:left
cnn1d,phase3_pose_cnn,1,54,0,0,0.0961014851927757,Speed_finals_Chamonix_2024_race029:left
cnn1d,phase3_pose_cnn,2,56,0,0,0.4080876111984253,Speed_finals_Chamonix_2024_race030:left
cnn1d,phase3_pose_cnn,0,59,0,0,0.3837653994560241,Speed_finals_Chamonix_2024_race032:right
cnn1d,phase3_pose_cnn,2,62,0,1,0.5177550911903381,Speed_finals_Innsbruck_2024_race002:left
cnn1d,phase3_pose_cnn,0,64,0,0,0.3022737205028534,Speed_finals_Innsbruck_2024_race003:left
cnn1d,phase3_pose_cnn,2,65,0,0,0.3924428522586822,Speed_finals_Innsbruck_2024_race003:right
cnn1d,phase3_pose_cnn,1,67,0,0,0.1134125739336013,Speed_finals_Innsbruck_2024_race005:left
cnn1d,phase3_pose_cnn,0,69,0,0,0.4625001847743988,Speed_finals_Innsbruck_2024_race006:left
cnn1d,phase3_pose_cnn,2,73,0,0,0.4058635830879211,Speed_finals_Innsbruck_2024_race008:left
cnn1d,phase3_pose_cnn,0,75,0,0,0.2646391093730926,Speed_finals_Innsbruck_2024_race009:left
cnn1d,phase3_pose_cnn,1,77,0,0,0.292619913816452,Speed_finals_Innsbruck_2024_race010:left
cnn1d,phase3_pose_cnn,1,82,0,0,0.2257755696773529,Speed_finals_Innsbruck_2024_race013:left
cnn1d,phase3_pose_cnn,1,84,0,0,0.2276740819215774,Speed_finals_Innsbruck_2024_race014:left
cnn1d,phase3_pose_cnn,0,89,0,0,0.2988392114639282,Speed_finals_Innsbruck_2024_race017:left
cnn1d,phase3_pose_cnn,2,90,0,0,0.4514674246311188,Speed_finals_Innsbruck_2024_race018:left
cnn1d,phase3_pose_cnn,1,93,0,0,0.0575277544558048,Speed_finals_Innsbruck_2024_race019:right
cnn1d,phase3_pose_cnn,0,94,0,0,0.1933522373437881,Speed_finals_Innsbruck_2024_race020:left
cnn1d,phase3_pose_cnn,1,96,0,0,0.1876687705516815,Speed_finals_Innsbruck_2024_race021:left
cnn1d,phase3_pose_cnn,2,99,0,0,0.3871449828147888,Speed_finals_Innsbruck_2024_race023:right
cnn1d,phase3_pose_cnn,0,101,0,1,0.6621383428573608,Speed_finals_Innsbruck_2024_race024:right
cnn1d,phase3_pose_cnn,0,103,0,0,0.3971979320049286,Speed_finals_Innsbruck_2024_race025:right
cnn1d,phase3_pose_cnn,2,107,0,0,0.4333325326442718,Speed_finals_Innsbruck_2024_race027:right
cnn1d,phase3_pose_cnn,0,108,0,1,0.7097134590148926,Speed_finals_Innsbruck_2024_race028:left
cnn1d,phase3_pose_cnn,1,111,0,0,0.0139912413433194,Speed_finals_Innsbruck_2024_race029:right
cnn1d,phase3_pose_cnn,1,113,0,0,0.0243460424244403,Speed_finals_Innsbruck_2024_race030:right
cnn1d,phase3_pose_cnn,0,114,0,0,0.3897298872470855,Speed_finals_Innsbruck_2024_race031:left
cnn1d,phase3_pose_cnn,0,115,0,0,0.3674698770046234,Speed_finals_Innsbruck_2024_race031:right
cnn1d,phase3_pose_cnn,0,118,0,0,0.2370640337467193,Speed_finals_Seoul_2024_race001:right
cnn1d,phase3_pose_cnn,0,119,0,0,0.4586938023567199,Speed_finals_Seoul_2024_race002:left
cnn1d,phase3_pose_cnn,1,121,0,0,0.2259928733110427,Speed_finals_Seoul_2024_race003:left
cnn1d,phase3_pose_cnn,0,123,0,0,0.3844141960144043,Speed_finals_Seoul_2024_race004:left
cnn1d,phase3_pose_cnn,2,124,0,1,0.5258271098136902,Speed_finals_Seoul_2024_race005:left
cnn1d,phase3_pose_cnn,0,126,0,1,0.538082480430603,Speed_finals_Seoul_2024_race006:left
cnn1d,phase3_pose_cnn,1,129,0,0,0.0372864194214344,Speed_finals_Seoul_2024_race007:right
cnn1d,phase3_pose_cnn,1,130,0,0,0.2605288922786712,Speed_finals_Seoul_2024_race008:left
cnn1d,phase3_pose_cnn,2,132,0,0,0.4793564081192016,Speed_finals_Seoul_2024_race009:left
cnn1d,phase3_pose_cnn,1,133,0,0,0.0813091099262237,Speed_finals_Seoul_2024_race009:right
cnn1d,phase3_pose_cnn,2,135,0,0,0.3688574731349945,Speed_finals_Seoul_2024_race010:right
cnn1d,phase3_pose_cnn,1,137,0,0,0.1288609504699707,Speed_finals_Seoul_2024_race011:right
cnn1d,phase3_pose_cnn,1,139,0,0,0.0506293550133705,Speed_finals_Seoul_2024_race012:right
cnn1d,phase3_pose_cnn,2,140,0,0,0.4815833568572998,Speed_finals_Seoul_2024_race013:left
cnn1d,phase3_pose_cnn,1,141,0,0,0.0383074432611465,Speed_finals_Seoul_2024_race013:right
cnn1d,phase3_pose_cnn,2,143,0,0,0.3626357316970825,Speed_finals_Seoul_2024_race014:right
cnn1d,phase3_pose_cnn,1,145,0,0,0.0259494371712207,Speed_finals_Seoul_2024_race015:right
cnn1d,phase3_pose_cnn,0,146,1,0,0.3849652707576751,Speed_finals_Seoul_2024_race016:left
cnn1d,phase3_pose_cnn,2,148,0,0,0.4464761316776275,Speed_finals_Seoul_2024_race017:left
cnn1d,phase3_pose_cnn,2,150,0,1,0.5434941053390503,Speed_finals_Seoul_2024_race018:left
cnn1d,phase3_pose_cnn,1,152,0,0,0.122064970433712,Speed_finals_Seoul_2024_race019:left
cnn1d,phase3_pose_cnn,1,154,0,0,0.1792773753404617,Speed_finals_Seoul_2024_race020:left
cnn1d,phase3_pose_cnn,1,156,0,0,0.1465495079755783,Speed_finals_Seoul_2024_race021:left
cnn1d,phase3_pose_cnn,2,160,0,0,0.4951414167881012,Speed_finals_Seoul_2024_race023:left
cnn1d,phase3_pose_cnn,1,161,0,0,0.0763219222426414,Speed_finals_Seoul_2024_race023:right
cnn1d,phase3_pose_cnn,2,162,1,0,0.4544377624988556,Speed_finals_Seoul_2024_race024:left
cnn1d,phase3_pose_cnn,2,164,0,0,0.4774344265460968,Speed_finals_Seoul_2024_race025:left
cnn1d,phase3_pose_cnn,0,165,0,0,0.2358197420835495,Speed_finals_Seoul_2024_race025:right
cnn1d,phase3_pose_cnn,2,166,0,0,0.4486315250396728,Speed_finals_Seoul_2024_race026:left
cnn1d,phase3_pose_cnn,1,168,0,0,0.1332551091909408,Speed_finals_Seoul_2024_race027:left
cnn1d,phase3_pose_cnn,1,171,0,0,0.0162614490836858,Speed_finals_Seoul_2024_race028:right
cnn1d,phase3_pose_cnn,2,174,1,1,0.5012165904045105,Speed_finals_Seoul_2024_race030:left
cnn1d,phase3_pose_cnn,2,176,0,0,0.4325149357318878,Speed_finals_Seoul_2024_race031:left
cnn1d,phase3_pose_cnn,1,177,0,0,0.0586093813180923,Speed_finals_Seoul_2024_race031:right
cnn1d,phase3_pose_cnn,0,178,0,0,0.1854816824197769,Speed_finals_Villars_2024_race001:left
cnn1d,phase3_pose_cnn,0,183,0,0,0.2644575536251068,Speed_finals_Villars_2024_race003:right
cnn1d,phase3_pose_cnn,1,185,0,0,0.2153557389974594,Speed_finals_Villars_2024_race004:right
cnn1d,phase3_pose_cnn,0,187,0,0,0.219492107629776,Speed_finals_Villars_2024_race005:right
cnn1d,phase3_pose_cnn,0,189,0,0,0.2573784291744232,Speed_finals_Villars_2024_race006:right
cnn1d,phase3_pose_cnn,0,190,0,1,0.7358015179634094,Speed_finals_Villars_2024_race007:left
cnn1d,phase3_pose_cnn,1,192,1,0,0.0096761006861925,Speed_finals_Villars_2024_race008:left
cnn1d,phase3_pose_cnn,0,194,1,0,0.3812363445758819,Speed_finals_Villars_2024_race009:right
cnn1d,phase3_pose_cnn,2,196,0,0,0.3783870339393616,Speed_finals_Villars_2024_race010:right
cnn1d,phase3_pose_cnn,2,197,0,0,0.4737578332424164,Speed_finals_Villars_2024_race011:left
cnn1d,phase3_pose_cnn,2,199,0,0,0.4087460339069366,Speed_finals_Villars_2024_race012:left
cnn1d,phase3_pose_cnn,2,204,0,0,0.3462405502796173,Speed_finals_Villars_2024_race014:right
cnn1d,phase3_pose_cnn,2,207,0,0,0.3613417446613312,Speed_finals_Villars_2024_race016:right
cnn1d,phase3_pose_cnn,0,208,0,0,0.4194605052471161,Speed_finals_Villars_2024_race017:left
cnn1d,phase3_pose_cnn,1,209,0,0,0.0821371078491211,Speed_finals_Villars_2024_race017:right
cnn1d,phase3_pose_cnn,2,210,0,0,0.4464645087718963,Speed_finals_Villars_2024_race018:left
cnn1d,phase3_pose_cnn,0,214,0,0,0.1526761800050735,Speed_finals_Villars_2024_race020:left
cnn1d,phase3_pose_cnn,2,215,0,0,0.483556866645813,Speed_finals_Villars_2024_race021:left
cnn1d,phase3_pose_cnn,1,220,0,0,0.0389411598443985,Speed_finals_Villars_2024_race024:right
cnn1d,phase3_pose_cnn,1,230,1,0,0.0779033377766609,Speed_finals_Zilina_2025_race020:left
dummy_majority,phase2_feature_engineered,0,0,0,0,0.0,Speed_finals_Chamonix_2024_race001:left
dummy_majority,phase2_feature_engineered,2,2,0,0,0.0,Speed_finals_Chamonix_2024_race002:left
dummy_majority,phase2_feature_engineered,3,4,0,0,0.0,Speed_finals_Chamonix_2024_race003:left
dummy_majority,phase2_feature_engineered,1,7,0,0,0.0,Speed_finals_Chamonix_2024_race004:right
dummy_majority,phase2_feature_engineered,3,8,0,0,0.0,Speed_finals_Chamonix_2024_race005:left
dummy_majority,phase2_feature_engineered,1,10,0,0,0.0,Speed_finals_Chamonix_2024_race006:left
dummy_majority,phase2_feature_engineered,4,12,0,0,0.0,Speed_finals_Chamonix_2024_race007:left
dummy_majority,phase2_feature_engineered,0,15,0,0,0.0,Speed_finals_Chamonix_2024_race008:right
dummy_majority,phase2_feature_engineered,1,17,0,0,0.0,Speed_finals_Chamonix_2024_race009:right
dummy_majority,phase2_feature_engineered,3,21,0,0,0.0,Speed_finals_Chamonix_2024_race011:right
dummy_majority,phase2_feature_engineered,1,22,0,0,0.0,Speed_finals_Chamonix_2024_race012:left
dummy_majority,phase2_feature_engineered,3,26,0,0,0.0,Speed_finals_Chamonix_2024_race014:left
dummy_majority,phase2_feature_engineered,1,28,0,0,0.0,Speed_finals_Chamonix_2024_race015:left
dummy_majority,phase2_feature_engineered,4,31,0,0,0.0,Speed_finals_Chamonix_2024_race016:right
dummy_majority,phase2_feature_engineered,2,32,0,0,0.0,Speed_finals_Chamonix_2024_race017:left
dummy_majority,phase2_feature_engineered,2,33,0,0,0.0,Speed_finals_Chamonix_2024_race017:right
dummy_majority,phase2_feature_engineered,0,35,0,0,0.0,Speed_finals_Chamonix_2024_race018:right
dummy_majority,phase2_feature_engineered,4,37,0,0,0.0,Speed_finals_Chamonix_2024_race019:right
dummy_majority,phase2_feature_engineered,2,38,0,0,0.0,Speed_finals_Chamonix_2024_race020:left
dummy_majority,phase2_feature_engineered,2,40,0,0,0.0,Speed_finals_Chamonix_2024_race021:left
dummy_majority,phase2_feature_engineered,3,42,0,0,0.0,Speed_finals_Chamonix_2024_race022:left
dummy_majority,phase2_feature_engineered,3,45,0,0,0.0,Speed_finals_Chamonix_2024_race024:left
dummy_majority,phase2_feature_engineered,4,46,0,0,0.0,Speed_finals_Chamonix_2024_race024:right
dummy_majority,phase2_feature_engineered,3,49,0,0,0.0,Speed_finals_Chamonix_2024_race026:right
dummy_majority,phase2_feature_engineered,1,50,0,0,0.0,Speed_finals_Chamonix_2024_race027:left
dummy_majority,phase2_feature_engineered,2,52,0,0,0.0,Speed_finals_Chamonix_2024_race028:left
dummy_majority,phase2_feature_engineered,4,54,0,0,0.0,Speed_finals_Chamonix_2024_race029:left
dummy_majority,phase2_feature_engineered,2,56,0,0,0.0,Speed_finals_Chamonix_2024_race030:left
dummy_majority,phase2_feature_engineered,0,59,0,0,0.0,Speed_finals_Chamonix_2024_race032:right
dummy_majority,phase2_feature_engineered,4,62,0,0,0.0,Speed_finals_Innsbruck_2024_race002:left
dummy_majority,phase2_feature_engineered,0,64,0,0,0.0,Speed_finals_Innsbruck_2024_race003:left
dummy_majority,phase2_feature_engineered,1,65,0,0,0.0,Speed_finals_Innsbruck_2024_race003:right
dummy_majority,phase2_feature_engineered,0,67,0,0,0.0,Speed_finals_Innsbruck_2024_race005:left
dummy_majority,phase2_feature_engineered,1,69,0,0,0.0,Speed_finals_Innsbruck_2024_race006:left
dummy_majority,phase2_feature_engineered,2,73,0,0,0.0,Speed_finals_Innsbruck_2024_race008:left
dummy_majority,phase2_feature_engineered,2,75,0,0,0.0,Speed_finals_Innsbruck_2024_race009:left
dummy_majority,phase2_feature_engineered,3,77,0,0,0.0,Speed_finals_Innsbruck_2024_race010:left
dummy_majority,phase2_feature_engineered,0,82,0,0,0.0,Speed_finals_Innsbruck_2024_race013:left
dummy_majority,phase2_feature_engineered,0,84,0,0,0.0,Speed_finals_Innsbruck_2024_race014:left
dummy_majority,phase2_feature_engineered,4,89,0,0,0.0,Speed_finals_Innsbruck_2024_race017:left
dummy_majority,phase2_feature_engineered,3,90,0,0,0.0,Speed_finals_Innsbruck_2024_race018:left
dummy_majority,phase2_feature_engineered,2,93,0,0,0.0,Speed_finals_Innsbruck_2024_race019:right
dummy_majority,phase2_feature_engineered,3,94,0,0,0.0,Speed_finals_Innsbruck_2024_race020:left
dummy_majority,phase2_feature_engineered,3,96,0,0,0.0,Speed_finals_Innsbruck_2024_race021:left
dummy_majority,phase2_feature_engineered,4,99,0,0,0.0,Speed_finals_Innsbruck_2024_race023:right
dummy_majority,phase2_feature_engineered,0,101,0,0,0.0,Speed_finals_Innsbruck_2024_race024:right
dummy_majority,phase2_feature_engineered,1,103,0,0,0.0,Speed_finals_Innsbruck_2024_race025:right
dummy_majority,phase2_feature_engineered,2,107,0,0,0.0,Speed_finals_Innsbruck_2024_race027:right
dummy_majority,phase2_feature_engineered,3,108,0,0,0.0,Speed_finals_Innsbruck_2024_race028:left
dummy_majority,phase2_feature_engineered,1,111,0,0,0.0,Speed_finals_Innsbruck_2024_race029:right
dummy_majority,phase2_feature_engineered,3,113,0,0,0.0,Speed_finals_Innsbruck_2024_race030:right
dummy_majority,phase2_feature_engineered,3,114,0,0,0.0,Speed_finals_Innsbruck_2024_race031:left
dummy_majority,phase2_feature_engineered,2,115,0,0,0.0,Speed_finals_Innsbruck_2024_race031:right
dummy_majority,phase2_feature_engineered,2,118,0,0,0.0,Speed_finals_Seoul_2024_race001:right
dummy_majority,phase2_feature_engineered,1,119,0,0,0.0,Speed_finals_Seoul_2024_race002:left
dummy_majority,phase2_feature_engineered,3,121,0,0,0.0,Speed_finals_Seoul_2024_race003:left
dummy_majority,phase2_feature_engineered,0,123,0,0,0.0,Speed_finals_Seoul_2024_race004:left
dummy_majority,phase2_feature_engineered,0,124,0,0,0.0,Speed_finals_Seoul_2024_race005:left
dummy_majority,phase2_feature_engineered,3,126,0,0,0.0,Speed_finals_Seoul_2024_race006:left
dummy_majority,phase2_feature_engineered,3,129,0,0,0.0,Speed_finals_Seoul_2024_race007:right
dummy_majority,phase2_feature_engineered,4,130,0,0,0.0,Speed_finals_Seoul_2024_race008:left
dummy_majority,phase2_feature_engineered,4,132,0,0,0.0,Speed_finals_Seoul_2024_race009:left
dummy_majority,phase2_feature_engineered,3,133,0,0,0.0,Speed_finals_Seoul_2024_race009:right
dummy_majority,phase2_feature_engineered,2,135,0,0,0.0,Speed_finals_Seoul_2024_race010:right
dummy_majority,phase2_feature_engineered,3,137,0,0,0.0,Speed_finals_Seoul_2024_race011:right
dummy_majority,phase2_feature_engineered,2,139,0,0,0.0,Speed_finals_Seoul_2024_race012:right
dummy_majority,phase2_feature_engineered,4,140,0,0,0.0,Speed_finals_Seoul_2024_race013:left
dummy_majority,phase2_feature_engineered,3,141,0,0,0.0,Speed_finals_Seoul_2024_race013:right
dummy_majority,phase2_feature_engineered,3,143,0,0,0.0,Speed_finals_Seoul_2024_race014:right
dummy_majority,phase2_feature_engineered,0,145,0,0,0.0,Speed_finals_Seoul_2024_race015:right
dummy_majority,phase2_feature_engineered,1,146,1,0,0.0,Speed_finals_Seoul_2024_race016:left
dummy_majority,phase2_feature_engineered,0,148,0,0,0.0,Speed_finals_Seoul_2024_race017:left
dummy_majority,phase2_feature_engineered,0,150,0,0,0.0,Speed_finals_Seoul_2024_race018:left
dummy_majority,phase2_feature_engineered,3,152,0,0,0.0,Speed_finals_Seoul_2024_race019:left
dummy_majority,phase2_feature_engineered,0,154,0,0,0.0,Speed_finals_Seoul_2024_race020:left
dummy_majority,phase2_feature_engineered,1,156,0,0,0.0,Speed_finals_Seoul_2024_race021:left
dummy_majority,phase2_feature_engineered,3,160,0,0,0.0,Speed_finals_Seoul_2024_race023:left
dummy_majority,phase2_feature_engineered,3,161,0,0,0.0,Speed_finals_Seoul_2024_race023:right
dummy_majority,phase2_feature_engineered,0,162,1,0,0.0,Speed_finals_Seoul_2024_race024:left
dummy_majority,phase2_feature_engineered,2,164,0,0,0.0,Speed_finals_Seoul_2024_race025:left
dummy_majority,phase2_feature_engineered,1,165,0,0,0.0,Speed_finals_Seoul_2024_race025:right
dummy_majority,phase2_feature_engineered,2,166,0,0,0.0,Speed_finals_Seoul_2024_race026:left
dummy_majority,phase2_feature_engineered,4,168,0,0,0.0,Speed_finals_Seoul_2024_race027:left
dummy_majority,phase2_feature_engineered,1,171,0,0,0.0,Speed_finals_Seoul_2024_race028:right
dummy_majority,phase2_feature_engineered,2,174,1,0,0.0,Speed_finals_Seoul_2024_race030:left
dummy_majority,phase2_feature_engineered,2,176,0,0,0.0,Speed_finals_Seoul_2024_race031:left
dummy_majority,phase2_feature_engineered,1,177,0,0,0.0,Speed_finals_Seoul_2024_race031:right
dummy_majority,phase2_feature_engineered,4,178,0,0,0.0,Speed_finals_Villars_2024_race001:left
dummy_majority,phase2_feature_engineered,1,183,0,0,0.0,Speed_finals_Villars_2024_race003:right
dummy_majority,phase2_feature_engineered,2,185,0,0,0.0,Speed_finals_Villars_2024_race004:right
dummy_majority,phase2_feature_engineered,3,187,0,0,0.0,Speed_finals_Villars_2024_race005:right
dummy_majority,phase2_feature_engineered,4,189,0,0,0.0,Speed_finals_Villars_2024_race006:right
dummy_majority,phase2_feature_engineered,2,190,0,0,0.0,Speed_finals_Villars_2024_race007:left
dummy_majority,phase2_feature_engineered,3,192,1,0,0.0,Speed_finals_Villars_2024_race008:left
dummy_majority,phase2_feature_engineered,1,194,1,0,0.0,Speed_finals_Villars_2024_race009:right
dummy_majority,phase2_feature_engineered,1,196,0,0,0.0,Speed_finals_Villars_2024_race010:right
dummy_majority,phase2_feature_engineered,2,197,0,0,0.0,Speed_finals_Villars_2024_race011:left
dummy_majority,phase2_feature_engineered,3,199,0,0,0.0,Speed_finals_Villars_2024_race012:left
dummy_majority,phase2_feature_engineered,1,204,0,0,0.0,Speed_finals_Villars_2024_race014:right
dummy_majority,phase2_feature_engineered,1,207,0,0,0.0,Speed_finals_Villars_2024_race016:right
dummy_majority,phase2_feature_engineered,3,208,0,0,0.0,Speed_finals_Villars_2024_race017:left
dummy_majority,phase2_feature_engineered,4,209,0,0,0.0,Speed_finals_Villars_2024_race017:right
dummy_majority,phase2_feature_engineered,4,210,0,0,0.0,Speed_finals_Villars_2024_race018:left
dummy_majority,phase2_feature_engineered,3,214,0,0,0.0,Speed_finals_Villars_2024_race020:left
dummy_majority,phase2_feature_engineered,4,215,0,0,0.0,Speed_finals_Villars_2024_race021:left
dummy_majority,phase2_feature_engineered,3,220,0,0,0.0,Speed_finals_Villars_2024_race024:right
dummy_majority,phase2_feature_engineered,4,230,1,0,0.0,Speed_finals_Zilina_2025_race020:left
logreg_balanced,phase2_feature_engineered,0,0,0,0,0.0046141006772444,Speed_finals_Chamonix_2024_race001:left
logreg_balanced,phase2_feature_engineered,2,2,0,0,0.001159658199685,Speed_finals_Chamonix_2024_race002:left
logreg_balanced,phase2_feature_engineered,3,4,0,0,0.0028985116102321,Speed_finals_Chamonix_2024_race003:left
logreg_balanced,phase2_feature_engineered,1,7,0,0,0.0013016865414189,Speed_finals_Chamonix_2024_race004:right
logreg_balanced,phase2_feature_engineered,3,8,0,0,0.0727474152028596,Speed_finals_Chamonix_2024_race005:left
logreg_balanced,phase2_feature_engineered,1,10,0,0,0.0018425998511617,Speed_finals_Chamonix_2024_race006:left
logreg_balanced,phase2_feature_engineered,4,12,0,0,0.0032425868205623,Speed_finals_Chamonix_2024_race007:left
logreg_balanced,phase2_feature_engineered,0,15,0,0,0.0011489112649746,Speed_finals_Chamonix_2024_race008:right
logreg_balanced,phase2_feature_engineered,1,17,0,0,0.0191405203412423,Speed_finals_Chamonix_2024_race009:right
logreg_balanced,phase2_feature_engineered,3,21,0,0,0.0062621425391096,Speed_finals_Chamonix_2024_race011:right
logreg_balanced,phase2_feature_engineered,1,22,0,0,0.0078233788161577,Speed_finals_Chamonix_2024_race012:left
logreg_balanced,phase2_feature_engineered,3,26,0,0,0.0027645434851044,Speed_finals_Chamonix_2024_race014:left
logreg_balanced,phase2_feature_engineered,1,28,0,0,0.0021518520438483,Speed_finals_Chamonix_2024_race015:left
logreg_balanced,phase2_feature_engineered,4,31,0,0,0.0018198320993209,Speed_finals_Chamonix_2024_race016:right
logreg_balanced,phase2_feature_engineered,2,32,0,0,0.0026843375687865,Speed_finals_Chamonix_2024_race017:left
logreg_balanced,phase2_feature_engineered,2,33,0,0,0.0008877021712625,Speed_finals_Chamonix_2024_race017:right
logreg_balanced,phase2_feature_engineered,0,35,0,0,0.0027061322880124,Speed_finals_Chamonix_2024_race018:right
logreg_balanced,phase2_feature_engineered,4,37,0,0,0.0085324749309288,Speed_finals_Chamonix_2024_race019:right
logreg_balanced,phase2_feature_engineered,2,38,0,0,0.0043671450838672,Speed_finals_Chamonix_2024_race020:left
logreg_balanced,phase2_feature_engineered,2,40,0,0,0.0043367611434471,Speed_finals_Chamonix_2024_race021:left
logreg_balanced,phase2_feature_engineered,3,42,0,0,0.0049936106003331,Speed_finals_Chamonix_2024_race022:left
logreg_balanced,phase2_feature_engineered,3,45,0,0,0.017658256000395,Speed_finals_Chamonix_2024_race024:left
logreg_balanced,phase2_feature_engineered,4,46,0,0,0.0035220037791509,Speed_finals_Chamonix_2024_race024:right
logreg_balanced,phase2_feature_engineered,3,49,0,0,0.0771906225692021,Speed_finals_Chamonix_2024_race026:right
logreg_balanced,phase2_feature_engineered,1,50,0,0,0.0029606442039516,Speed_finals_Chamonix_2024_race027:left
logreg_balanced,phase2_feature_engineered,2,52,0,0,0.0017606376803268,Speed_finals_Chamonix_2024_race028:left
logreg_balanced,phase2_feature_engineered,4,54,0,0,0.1258755854319251,Speed_finals_Chamonix_2024_race029:left
logreg_balanced,phase2_feature_engineered,2,56,0,0,0.0072049964458937,Speed_finals_Chamonix_2024_race030:left
logreg_balanced,phase2_feature_engineered,0,59,0,0,0.0234433544436166,Speed_finals_Chamonix_2024_race032:right
logreg_balanced,phase2_feature_engineered,4,62,0,0,0.0134393579609884,Speed_finals_Innsbruck_2024_race002:left
logreg_balanced,phase2_feature_engineered,0,64,0,0,0.013139175338424,Speed_finals_Innsbruck_2024_race003:left
logreg_balanced,phase2_feature_engineered,1,65,0,0,0.0047427566298302,Speed_finals_Innsbruck_2024_race003:right
logreg_balanced,phase2_feature_engineered,0,67,0,0,0.0043667523034232,Speed_finals_Innsbruck_2024_race005:left
logreg_balanced,phase2_feature_engineered,1,69,0,0,0.0008002518259092,Speed_finals_Innsbruck_2024_race006:left
logreg_balanced,phase2_feature_engineered,2,73,0,0,0.0077142350485233,Speed_finals_Innsbruck_2024_race008:left
logreg_balanced,phase2_feature_engineered,2,75,0,0,0.0010179047042562,Speed_finals_Innsbruck_2024_race009:left
logreg_balanced,phase2_feature_engineered,3,77,0,0,0.0017819230040826,Speed_finals_Innsbruck_2024_race010:left
logreg_balanced,phase2_feature_engineered,0,82,0,0,0.0002801855523654,Speed_finals_Innsbruck_2024_race013:left
logreg_balanced,phase2_feature_engineered,0,84,0,0,0.0014332539188396,Speed_finals_Innsbruck_2024_race014:left
logreg_balanced,phase2_feature_engineered,4,89,0,0,0.0114909057035152,Speed_finals_Innsbruck_2024_race017:left
logreg_balanced,phase2_feature_engineered,3,90,0,0,0.008108187932549,Speed_finals_Innsbruck_2024_race018:left
logreg_balanced,phase2_feature_engineered,2,93,0,0,0.0574963418757862,Speed_finals_Innsbruck_2024_race019:right
logreg_balanced,phase2_feature_engineered,3,94,0,0,0.0040413647679841,Speed_finals_Innsbruck_2024_race020:left
logreg_balanced,phase2_feature_engineered,3,96,0,0,0.0025736834506368,Speed_finals_Innsbruck_2024_race021:left
logreg_balanced,phase2_feature_engineered,4,99,0,0,0.0037000189809474,Speed_finals_Innsbruck_2024_race023:right
logreg_balanced,phase2_feature_engineered,0,101,0,0,0.0007402928817379,Speed_finals_Innsbruck_2024_race024:right
logreg_balanced,phase2_feature_engineered,1,103,0,0,0.0008100155026713,Speed_finals_Innsbruck_2024_race025:right
logreg_balanced,phase2_feature_engineered,2,107,0,0,0.002206266531056,Speed_finals_Innsbruck_2024_race027:right
logreg_balanced,phase2_feature_engineered,3,108,0,0,0.0015709112926111,Speed_finals_Innsbruck_2024_race028:left
logreg_balanced,phase2_feature_engineered,1,111,0,0,0.007426225689781,Speed_finals_Innsbruck_2024_race029:right
logreg_balanced,phase2_feature_engineered,3,113,0,0,0.0023504801401161,Speed_finals_Innsbruck_2024_race030:right
logreg_balanced,phase2_feature_engineered,3,114,0,0,0.0070424411372822,Speed_finals_Innsbruck_2024_race031:left
logreg_balanced,phase2_feature_engineered,2,115,0,0,0.0007724325616694,Speed_finals_Innsbruck_2024_race031:right
logreg_balanced,phase2_feature_engineered,2,118,0,0,0.0007819977328569,Speed_finals_Seoul_2024_race001:right
logreg_balanced,phase2_feature_engineered,1,119,0,0,0.0019293336819166,Speed_finals_Seoul_2024_race002:left
logreg_balanced,phase2_feature_engineered,3,121,0,0,0.0039224620385966,Speed_finals_Seoul_2024_race003:left
logreg_balanced,phase2_feature_engineered,0,123,0,0,0.0058993264026431,Speed_finals_Seoul_2024_race004:left
logreg_balanced,phase2_feature_engineered,0,124,0,0,0.0014052619192355,Speed_finals_Seoul_2024_race005:left
logreg_balanced,phase2_feature_engineered,3,126,0,0,0.0011394920703794,Speed_finals_Seoul_2024_race006:left
logreg_balanced,phase2_feature_engineered,3,129,0,0,0.0027315296937057,Speed_finals_Seoul_2024_race007:right
logreg_balanced,phase2_feature_engineered,4,130,0,0,0.0042400511868204,Speed_finals_Seoul_2024_race008:left
logreg_balanced,phase2_feature_engineered,4,132,0,0,0.0108275111102275,Speed_finals_Seoul_2024_race009:left
logreg_balanced,phase2_feature_engineered,3,133,0,0,0.005969599741613,Speed_finals_Seoul_2024_race009:right
logreg_balanced,phase2_feature_engineered,2,135,0,0,0.0001344251179897,Speed_finals_Seoul_2024_race010:right
logreg_balanced,phase2_feature_engineered,3,137,0,0,0.0019896416163933,Speed_finals_Seoul_2024_race011:right
logreg_balanced,phase2_feature_engineered,2,139,0,0,0.0004139587466508,Speed_finals_Seoul_2024_race012:right
logreg_balanced,phase2_feature_engineered,4,140,0,0,0.0028257517067087,Speed_finals_Seoul_2024_race013:left
logreg_balanced,phase2_feature_engineered,3,141,0,0,0.0107792800027339,Speed_finals_Seoul_2024_race013:right
logreg_balanced,phase2_feature_engineered,3,143,0,0,0.0096326834149727,Speed_finals_Seoul_2024_race014:right
logreg_balanced,phase2_feature_engineered,0,145,0,0,0.0024449167660189,Speed_finals_Seoul_2024_race015:right
logreg_balanced,phase2_feature_engineered,1,146,1,1,0.9999991450334726,Speed_finals_Seoul_2024_race016:left
logreg_balanced,phase2_feature_engineered,0,148,0,0,0.0010970334074158,Speed_finals_Seoul_2024_race017:left
logreg_balanced,phase2_feature_engineered,0,150,0,0,0.0008227198379839,Speed_finals_Seoul_2024_race018:left
logreg_balanced,phase2_feature_engineered,3,152,0,0,0.0066977279428075,Speed_finals_Seoul_2024_race019:left
logreg_balanced,phase2_feature_engineered,0,154,0,0,0.0031088248244689,Speed_finals_Seoul_2024_race020:left
logreg_balanced,phase2_feature_engineered,1,156,0,0,0.0015719360756544,Speed_finals_Seoul_2024_race021:left
logreg_balanced,phase2_feature_engineered,3,160,0,0,0.0131394304046742,Speed_finals_Seoul_2024_race023:left
logreg_balanced,phase2_feature_engineered,3,161,0,0,0.0081123613818304,Speed_finals_Seoul_2024_race023:right
logreg_balanced,phase2_feature_engineered,0,162,1,1,0.9896861398446292,Speed_finals_Seoul_2024_race024:left
logreg_balanced,phase2_feature_engineered,2,164,0,0,0.0019113478049116,Speed_finals_Seoul_2024_race025:left
logreg_balanced,phase2_feature_engineered,1,165,0,0,2.6751393073646584e-05,Speed_finals_Seoul_2024_race025:right
logreg_balanced,phase2_feature_engineered,2,166,0,0,0.0125586046532099,Speed_finals_Seoul_2024_race026:left
logreg_balanced,phase2_feature_engineered,4,168,0,0,0.0051562935461499,Speed_finals_Seoul_2024_race027:left
logreg_balanced,phase2_feature_engineered,1,171,0,0,0.00173568633809,Speed_finals_Seoul_2024_race028:right
logreg_balanced,phase2_feature_engineered,2,174,1,1,0.9999465269945002,Speed_finals_Seoul_2024_race030:left
logreg_balanced,phase2_feature_engineered,2,176,0,0,0.00432288188295,Speed_finals_Seoul_2024_race031:left
logreg_balanced,phase2_feature_engineered,1,177,0,0,0.0025005669977535,Speed_finals_Seoul_2024_race031:right
logreg_balanced,phase2_feature_engineered,4,178,0,0,0.0698179212684848,Speed_finals_Villars_2024_race001:left
logreg_balanced,phase2_feature_engineered,1,183,0,0,0.0041633110777033,Speed_finals_Villars_2024_race003:right
logreg_balanced,phase2_feature_engineered,2,185,0,0,0.0005906880953487,Speed_finals_Villars_2024_race004:right
logreg_balanced,phase2_feature_engineered,3,187,0,0,0.0156203852857187,Speed_finals_Villars_2024_race005:right
logreg_balanced,phase2_feature_engineered,4,189,0,0,0.0165046940044569,Speed_finals_Villars_2024_race006:right
logreg_balanced,phase2_feature_engineered,2,190,0,0,0.028222578367194,Speed_finals_Villars_2024_race007:left
logreg_balanced,phase2_feature_engineered,3,192,1,1,0.9641211450941736,Speed_finals_Villars_2024_race008:left
logreg_balanced,phase2_feature_engineered,1,194,1,1,0.999882866280698,Speed_finals_Villars_2024_race009:right
logreg_balanced,phase2_feature_engineered,1,196,0,0,0.000502533030459,Speed_finals_Villars_2024_race010:right
logreg_balanced,phase2_feature_engineered,2,197,0,0,0.0024565034394709,Speed_finals_Villars_2024_race011:left
logreg_balanced,phase2_feature_engineered,3,199,0,0,0.0004376881728852,Speed_finals_Villars_2024_race012:left
logreg_balanced,phase2_feature_engineered,1,204,0,0,0.0404891314744688,Speed_finals_Villars_2024_race014:right
logreg_balanced,phase2_feature_engineered,1,207,0,0,0.005160305477931,Speed_finals_Villars_2024_race016:right
logreg_balanced,phase2_feature_engineered,3,208,0,0,0.0018519151234222,Speed_finals_Villars_2024_race017:left
logreg_balanced,phase2_feature_engineered,4,209,0,0,0.0012851083613417,Speed_finals_Villars_2024_race017:right
logreg_balanced,phase2_feature_engineered,4,210,0,0,0.1875371359012324,Speed_finals_Villars_2024_race018:left
logreg_balanced,phase2_feature_engineered,3,214,0,0,0.0078312424506759,Speed_finals_Villars_2024_race020:left
logreg_balanced,phase2_feature_engineered,4,215,0,0,0.0877099342862382,Speed_finals_Villars_2024_race021:left
logreg_balanced,phase2_feature_engineered,3,220,0,0,0.024867466712812,Speed_finals_Villars_2024_race024:right
logreg_balanced,phase2_feature_engineered,4,230,1,1,0.9991523868158022,Speed_finals_Zilina_2025_race020:left
rf_balanced,phase2_feature_engineered,0,0,0,0,0.0095860471848313,Speed_finals_Chamonix_2024_race001:left
rf_balanced,phase2_feature_engineered,2,2,0,0,0.0063959390862944,Speed_finals_Chamonix_2024_race002:left
rf_balanced,phase2_feature_engineered,3,4,0,0,0.0,Speed_finals_Chamonix_2024_race003:left
rf_balanced,phase2_feature_engineered,1,7,0,0,0.003062605752961,Speed_finals_Chamonix_2024_race004:right
rf_balanced,phase2_feature_engineered,3,8,0,0,0.1722306592870541,Speed_finals_Chamonix_2024_race005:left
rf_balanced,phase2_feature_engineered,1,10,0,0,0.0,Speed_finals_Chamonix_2024_race006:left
rf_balanced,phase2_feature_engineered,4,12,0,0,0.0,Speed_finals_Chamonix_2024_race007:left
rf_balanced,phase2_feature_engineered,0,15,0,0,0.0,Speed_finals_Chamonix_2024_race008:right
rf_balanced,phase2_feature_engineered,1,17,0,0,0.0216301242171641,Speed_finals_Chamonix_2024_race009:right
rf_balanced,phase2_feature_engineered,3,21,0,0,0.0292860519808876,Speed_finals_Chamonix_2024_race011:right
rf_balanced,phase2_feature_engineered,1,22,0,0,0.0033333333333333,Speed_finals_Chamonix_2024_race012:left
rf_balanced,phase2_feature_engineered,3,26,0,0,0.003062605752961,Speed_finals_Chamonix_2024_race014:left
rf_balanced,phase2_feature_engineered,1,28,0,0,0.0123800571177897,Speed_finals_Chamonix_2024_race015:left
rf_balanced,phase2_feature_engineered,4,31,0,0,0.003062605752961,Speed_finals_Chamonix_2024_race016:right
rf_balanced,phase2_feature_engineered,2,32,0,0,0.0,Speed_finals_Chamonix_2024_race017:left
rf_balanced,phase2_feature_engineered,2,33,0,0,0.0,Speed_finals_Chamonix_2024_race017:right
rf_balanced,phase2_feature_engineered,0,35,0,0,0.0,Speed_finals_Chamonix_2024_race018:right
rf_balanced,phase2_feature_engineered,4,37,0,0,0.006384479717813,Speed_finals_Chamonix_2024_race019:right
rf_balanced,phase2_feature_engineered,2,38,0,0,0.1255093723695452,Speed_finals_Chamonix_2024_race020:left
rf_balanced,phase2_feature_engineered,2,40,0,0,0.0160056951838553,Speed_finals_Chamonix_2024_race021:left
rf_balanced,phase2_feature_engineered,3,42,0,0,0.0098589065255731,Speed_finals_Chamonix_2024_race022:left
rf_balanced,phase2_feature_engineered,3,45,0,0,0.0082123761848972,Speed_finals_Chamonix_2024_race024:left
rf_balanced,phase2_feature_engineered,4,46,0,0,0.0111644433676838,Speed_finals_Chamonix_2024_race024:right
rf_balanced,phase2_feature_engineered,3,49,0,0,0.0031922398589065,Speed_finals_Chamonix_2024_race026:right
rf_balanced,phase2_feature_engineered,1,50,0,0,0.0,Speed_finals_Chamonix_2024_race027:left
rf_balanced,phase2_feature_engineered,2,52,0,0,0.0062821005946544,Speed_finals_Chamonix_2024_race028:left
rf_balanced,phase2_feature_engineered,4,54,0,0,0.1278387289222458,Speed_finals_Chamonix_2024_race029:left
rf_balanced,phase2_feature_engineered,2,56,0,0,0.003062605752961,Speed_finals_Chamonix_2024_race030:left
rf_balanced,phase2_feature_engineered,0,59,0,0,0.0033333333333333,Speed_finals_Chamonix_2024_race032:right
rf_balanced,phase2_feature_engineered,4,62,0,0,0.0065255731922398,Speed_finals_Innsbruck_2024_race002:left
rf_balanced,phase2_feature_engineered,0,64,0,0,0.0219932228210433,Speed_finals_Innsbruck_2024_race003:left
rf_balanced,phase2_feature_engineered,1,65,0,0,0.0061658841940532,Speed_finals_Innsbruck_2024_race003:right
rf_balanced,phase2_feature_engineered,0,67,0,0,0.0,Speed_finals_Innsbruck_2024_race005:left
rf_balanced,phase2_feature_engineered,1,69,0,0,0.0059679767103347,Speed_finals_Innsbruck_2024_race006:left
rf_balanced,phase2_feature_engineered,2,73,0,0,0.003062605752961,Speed_finals_Innsbruck_2024_race008:left
rf_balanced,phase2_feature_engineered,2,75,0,0,0.0033333333333333,Speed_finals_Innsbruck_2024_race009:left
rf_balanced,phase2_feature_engineered,3,77,0,0,0.0095881789452009,Speed_finals_Innsbruck_2024_race010:left
rf_balanced,phase2_feature_engineered,0,82,0,0,0.0089526376588371,Speed_finals_Innsbruck_2024_race013:left
rf_balanced,phase2_feature_engineered,0,84,0,0,0.0031914893617021,Speed_finals_Innsbruck_2024_race014:left
rf_balanced,phase2_feature_engineered,4,89,0,0,0.0061252115059221,Speed_finals_Innsbruck_2024_race017:left
rf_balanced,phase2_feature_engineered,3,90,0,0,0.0355930296493676,Speed_finals_Innsbruck_2024_race018:left
rf_balanced,phase2_feature_engineered,2,93,0,0,0.1037784191935539,Speed_finals_Innsbruck_2024_race019:right
rf_balanced,phase2_feature_engineered,3,94,0,0,0.0,Speed_finals_Innsbruck_2024_race020:left
rf_balanced,phase2_feature_engineered,3,96,0,0,0.0,Speed_finals_Innsbruck_2024_race021:left
rf_balanced,phase2_feature_engineered,4,99,0,0,0.0033333333333333,Speed_finals_Innsbruck_2024_race023:right
rf_balanced,phase2_feature_engineered,0,101,0,0,0.0154581832733093,Speed_finals_Innsbruck_2024_race024:right
rf_balanced,phase2_feature_engineered,1,103,0,0,0.0193174513648286,Speed_finals_Innsbruck_2024_race025:right
rf_balanced,phase2_feature_engineered,2,107,0,0,0.0033333333333333,Speed_finals_Innsbruck_2024_race027:right
rf_balanced,phase2_feature_engineered,3,108,0,0,0.003062605752961,Speed_finals_Innsbruck_2024_race028:left
rf_balanced,phase2_feature_engineered,1,111,0,0,0.0180451588392295,Speed_finals_Innsbruck_2024_race029:right
rf_balanced,phase2_feature_engineered,3,113,0,0,0.0883837539072866,Speed_finals_Innsbruck_2024_race030:right
rf_balanced,phase2_feature_engineered,3,114,0,0,0.003062605752961,Speed_finals_Innsbruck_2024_race031:left
rf_balanced,phase2_feature_engineered,2,115,0,0,0.0,Speed_finals_Innsbruck_2024_race031:right
rf_balanced,phase2_feature_engineered,2,118,0,0,0.0060247907196264,Speed_finals_Seoul_2024_race001:right
rf_balanced,phase2_feature_engineered,1,119,0,0,0.0,Speed_finals_Seoul_2024_race002:left
rf_balanced,phase2_feature_engineered,3,121,0,0,0.0,Speed_finals_Seoul_2024_race003:left
rf_balanced,phase2_feature_engineered,0,123,0,0,0.0063945578231292,Speed_finals_Seoul_2024_race004:left
rf_balanced,phase2_feature_engineered,0,124,0,0,0.0,Speed_finals_Seoul_2024_race005:left
rf_balanced,phase2_feature_engineered,3,126,0,0,0.0,Speed_finals_Seoul_2024_race006:left
rf_balanced,phase2_feature_engineered,3,129,0,0,0.0689247991037224,Speed_finals_Seoul_2024_race007:right
rf_balanced,phase2_feature_engineered,4,130,0,0,0.0,Speed_finals_Seoul_2024_race008:left
rf_balanced,phase2_feature_engineered,4,132,0,0,0.0031922398589065,Speed_finals_Seoul_2024_race009:left
rf_balanced,phase2_feature_engineered,3,133,0,0,0.0093581240529597,Speed_finals_Seoul_2024_race009:right
rf_balanced,phase2_feature_engineered,2,135,0,0,0.017895378311972,Speed_finals_Seoul_2024_race010:right
rf_balanced,phase2_feature_engineered,3,137,0,0,0.0063959390862944,Speed_finals_Seoul_2024_race011:right
rf_balanced,phase2_feature_engineered,2,139,0,0,0.0,Speed_finals_Seoul_2024_race012:right
rf_balanced,phase2_feature_engineered,4,140,0,0,0.0,Speed_finals_Seoul_2024_race013:left
rf_balanced,phase2_feature_engineered,3,141,0,0,0.0063959390862944,Speed_finals_Seoul_2024_race013:right
rf_balanced,phase2_feature_engineered,3,143,0,0,0.0,Speed_finals_Seoul_2024_race014:right
rf_balanced,phase2_feature_engineered,0,145,0,0,0.0367842616265976,Speed_finals_Seoul_2024_race015:right
rf_balanced,phase2_feature_engineered,1,146,1,1,0.8372738364561766,Speed_finals_Seoul_2024_race016:left
rf_balanced,phase2_feature_engineered,0,148,0,0,0.0030612244897959,Speed_finals_Seoul_2024_race017:left
rf_balanced,phase2_feature_engineered,0,150,0,0,0.0030612244897959,Speed_finals_Seoul_2024_race018:left
rf_balanced,phase2_feature_engineered,3,152,0,0,0.0033333333333333,Speed_finals_Seoul_2024_race019:left
rf_balanced,phase2_feature_engineered,0,154,0,0,0.0319179388872421,Speed_finals_Seoul_2024_race020:left
rf_balanced,phase2_feature_engineered,1,156,0,0,0.003062605752961,Speed_finals_Seoul_2024_race021:left
rf_balanced,phase2_feature_engineered,3,160,0,0,0.008123443075125,Speed_finals_Seoul_2024_race023:left
rf_balanced,phase2_feature_engineered,3,161,0,0,0.0247575105128215,Speed_finals_Seoul_2024_race023:right
rf_balanced,phase2_feature_engineered,0,162,1,1,0.7026626581368134,Speed_finals_Seoul_2024_race024:left
rf_balanced,phase2_feature_engineered,2,164,0,0,0.0,Speed_finals_Seoul_2024_race025:left
rf_balanced,phase2_feature_engineered,1,165,0,0,0.008957762366642,Speed_finals_Seoul_2024_race025:right
rf_balanced,phase2_feature_engineered,2,166,0,0,0.0159841180314953,Speed_finals_Seoul_2024_race026:left
rf_balanced,phase2_feature_engineered,4,168,0,0,0.0,Speed_finals_Seoul_2024_race027:left
rf_balanced,phase2_feature_engineered,1,171,0,0,0.0,Speed_finals_Seoul_2024_race028:right
rf_balanced,phase2_feature_engineered,2,174,1,1,0.8721537459303113,Speed_finals_Seoul_2024_race030:left
rf_balanced,phase2_feature_engineered,2,176,0,0,0.0131922398589065,Speed_finals_Seoul_2024_race031:left
rf_balanced,phase2_feature_engineered,1,177,0,0,0.0,Speed_finals_Seoul_2024_race031:right
rf_balanced,phase2_feature_engineered,4,178,0,0,0.0447118255058961,Speed_finals_Villars_2024_race001:left
rf_balanced,phase2_feature_engineered,1,183,0,0,0.0,Speed_finals_Villars_2024_race003:right
rf_balanced,phase2_feature_engineered,2,185,0,0,0.0061252115059221,Speed_finals_Villars_2024_race004:right
rf_balanced,phase2_feature_engineered,3,187,0,0,0.0595096193703695,Speed_finals_Villars_2024_race005:right
rf_balanced,phase2_feature_engineered,4,189,0,0,0.0320089087511217,Speed_finals_Villars_2024_race006:right
rf_balanced,phase2_feature_engineered,2,190,0,0,0.0364041496743753,Speed_finals_Villars_2024_race007:left
rf_balanced,phase2_feature_engineered,3,192,1,1,0.7088731610924743,Speed_finals_Villars_2024_race008:left
rf_balanced,phase2_feature_engineered,1,194,1,0,0.2574931080464453,Speed_finals_Villars_2024_race009:right
rf_balanced,phase2_feature_engineered,1,196,0,0,0.0063959390862944,Speed_finals_Villars_2024_race010:right
rf_balanced,phase2_feature_engineered,2,197,0,0,0.0061252115059221,Speed_finals_Villars_2024_race011:left
rf_balanced,phase2_feature_engineered,3,199,0,0,0.0,Speed_finals_Villars_2024_race012:left
rf_balanced,phase2_feature_engineered,1,204,0,0,0.0094585448392555,Speed_finals_Villars_2024_race014:right
rf_balanced,phase2_feature_engineered,1,207,0,0,0.0,Speed_finals_Villars_2024_race016:right
rf_balanced,phase2_feature_engineered,3,208,0,0,0.0,Speed_finals_Villars_2024_race017:left
rf_balanced,phase2_feature_engineered,4,209,0,0,0.0,Speed_finals_Villars_2024_race017:right
rf_balanced,phase2_feature_engineered,4,210,0,0,0.0672329760981127,Speed_finals_Villars_2024_race018:left
rf_balanced,phase2_feature_engineered,3,214,0,0,0.0186870347862697,Speed_finals_Villars_2024_race020:left
rf_balanced,phase2_feature_engineered,4,215,0,0,0.0308370370118183,Speed_finals_Villars_2024_race021:left
rf_balanced,phase2_feature_engineered,3,220,0,0,0.0188166688922152,Speed_finals_Villars_2024_race024:right
rf_balanced,phase2_feature_engineered,4,230,1,1,0.8292153810675813,Speed_finals_Zilina_2025_race020:left
rf_smote,phase2_feature_engineered,0,0,0,0,0.0197222222222222,Speed_finals_Chamonix_2024_race001:left
rf_smote,phase2_feature_engineered,2,2,0,0,0.0091666666666666,Speed_finals_Chamonix_2024_race002:left
rf_smote,phase2_feature_engineered,3,4,0,0,0.0058333333333333,Speed_finals_Chamonix_2024_race003:left
rf_smote,phase2_feature_engineered,1,7,0,0,0.0016666666666666,Speed_finals_Chamonix_2024_race004:right
rf_smote,phase2_feature_engineered,3,8,0,0,0.2576111111111111,Speed_finals_Chamonix_2024_race005:left
rf_smote,phase2_feature_engineered,1,10,0,0,0.0016666666666666,Speed_finals_Chamonix_2024_race006:left
rf_smote,phase2_feature_engineered,4,12,0,0,0.0,Speed_finals_Chamonix_2024_race007:left
rf_smote,phase2_feature_engineered,0,15,0,0,0.0,Speed_finals_Chamonix_2024_race008:right
rf_smote,phase2_feature_engineered,1,17,0,0,0.0319444444444444,Speed_finals_Chamonix_2024_race009:right
rf_smote,phase2_feature_engineered,3,21,0,0,0.0286111111111111,Speed_finals_Chamonix_2024_race011:right
rf_smote,phase2_feature_engineered,1,22,0,0,0.0011111111111111,Speed_finals_Chamonix_2024_race012:left
rf_smote,phase2_feature_engineered,3,26,0,0,0.0131111111111111,Speed_finals_Chamonix_2024_race014:left
rf_smote,phase2_feature_engineered,1,28,0,0,0.0,Speed_finals_Chamonix_2024_race015:left
rf_smote,phase2_feature_engineered,4,31,0,0,0.0,Speed_finals_Chamonix_2024_race016:right
rf_smote,phase2_feature_engineered,2,32,0,0,0.0033333333333333,Speed_finals_Chamonix_2024_race017:left
rf_smote,phase2_feature_engineered,2,33,0,0,0.0016666666666666,Speed_finals_Chamonix_2024_race017:right
rf_smote,phase2_feature_engineered,0,35,0,0,0.0,Speed_finals_Chamonix_2024_race018:right
rf_smote,phase2_feature_engineered,4,37,0,0,0.0,Speed_finals_Chamonix_2024_race019:right
rf_smote,phase2_feature_engineered,2,38,0,0,0.1601666666666667,Speed_finals_Chamonix_2024_race020:left
rf_smote,phase2_feature_engineered,2,40,0,0,0.0077777777777777,Speed_finals_Chamonix_2024_race021:left
rf_smote,phase2_feature_engineered,3,42,0,0,0.015,Speed_finals_Chamonix_2024_race022:left
rf_smote,phase2_feature_engineered,3,45,0,0,0.0045,Speed_finals_Chamonix_2024_race024:left
rf_smote,phase2_feature_engineered,4,46,0,0,0.0075,Speed_finals_Chamonix_2024_race024:right
rf_smote,phase2_feature_engineered,3,49,0,0,0.0227777777777777,Speed_finals_Chamonix_2024_race026:right
rf_smote,phase2_feature_engineered,1,50,0,0,0.0,Speed_finals_Chamonix_2024_race027:left
rf_smote,phase2_feature_engineered,2,52,0,0,0.0067777777777777,Speed_finals_Chamonix_2024_race028:left
rf_smote,phase2_feature_engineered,4,54,0,0,0.1563611111111111,Speed_finals_Chamonix_2024_race029:left
rf_smote,phase2_feature_engineered,2,56,0,0,0.0,Speed_finals_Chamonix_2024_race030:left
rf_smote,phase2_feature_engineered,0,59,0,0,0.0244444444444444,Speed_finals_Chamonix_2024_race032:right
rf_smote,phase2_feature_engineered,4,62,0,0,0.0138888888888888,Speed_finals_Innsbruck_2024_race002:left
rf_smote,phase2_feature_engineered,0,64,0,0,0.0239999999999999,Speed_finals_Innsbruck_2024_race003:left
rf_smote,phase2_feature_engineered,1,65,0,0,0.0144444444444444,Speed_finals_Innsbruck_2024_race003:right
rf_smote,phase2_feature_engineered,0,67,0,0,0.0083333333333333,Speed_finals_Innsbruck_2024_race005:left
rf_smote,phase2_feature_engineered,1,69,0,0,0.0016666666666666,Speed_finals_Innsbruck_2024_race006:left
rf_smote,phase2_feature_engineered,2,73,0,0,0.0083333333333333,Speed_finals_Innsbruck_2024_race008:left
rf_smote,phase2_feature_engineered,2,75,0,0,0.0066666666666666,Speed_finals_Innsbruck_2024_race009:left
rf_smote,phase2_feature_engineered,3,77,0,0,0.0016666666666666,Speed_finals_Innsbruck_2024_race010:left
rf_smote,phase2_feature_engineered,0,82,0,0,0.0111111111111111,Speed_finals_Innsbruck_2024_race013:left
rf_smote,phase2_feature_engineered,0,84,0,0,0.0,Speed_finals_Innsbruck_2024_race014:left
rf_smote,phase2_feature_engineered,4,89,0,0,0.0123333333333333,Speed_finals_Innsbruck_2024_race017:left
rf_smote,phase2_feature_engineered,3,90,0,0,0.0502777777777777,Speed_finals_Innsbruck_2024_race018:left
rf_smote,phase2_feature_engineered,2,93,0,0,0.0922222222222222,Speed_finals_Innsbruck_2024_race019:right
rf_smote,phase2_feature_engineered,3,94,0,0,0.0066666666666666,Speed_finals_Innsbruck_2024_race020:left
rf_smote,phase2_feature_engineered,3,96,0,0,0.0,Speed_finals_Innsbruck_2024_race021:left
rf_smote,phase2_feature_engineered,4,99,0,0,0.0080555555555555,Speed_finals_Innsbruck_2024_race023:right
rf_smote,phase2_feature_engineered,0,101,0,0,0.0177777777777777,Speed_finals_Innsbruck_2024_race024:right
rf_smote,phase2_feature_engineered,1,103,0,0,0.011,Speed_finals_Innsbruck_2024_race025:right
rf_smote,phase2_feature_engineered,2,107,0,0,0.0177777777777777,Speed_finals_Innsbruck_2024_race027:right
rf_smote,phase2_feature_engineered,3,108,0,0,0.0016666666666666,Speed_finals_Innsbruck_2024_race028:left
rf_smote,phase2_feature_engineered,1,111,0,0,0.0041666666666666,Speed_finals_Innsbruck_2024_race029:right
rf_smote,phase2_feature_engineered,3,113,0,0,0.1444444444444444,Speed_finals_Innsbruck_2024_race030:right
rf_smote,phase2_feature_engineered,3,114,0,0,0.005,Speed_finals_Innsbruck_2024_race031:left
rf_smote,phase2_feature_engineered,2,115,0,0,0.0,Speed_finals_Innsbruck_2024_race031:right
rf_smote,phase2_feature_engineered,2,118,0,0,0.0033333333333333,Speed_finals_Seoul_2024_race001:right
rf_smote,phase2_feature_engineered,1,119,0,0,0.0016666666666666,Speed_finals_Seoul_2024_race002:left
rf_smote,phase2_feature_engineered,3,121,0,0,0.0,Speed_finals_Seoul_2024_race003:left
rf_smote,phase2_feature_engineered,0,123,0,0,0.0036111111111111,Speed_finals_Seoul_2024_race004:left
rf_smote,phase2_feature_engineered,0,124,0,0,0.0,Speed_finals_Seoul_2024_race005:left
rf_smote,phase2_feature_engineered,3,126,0,0,0.0016666666666666,Speed_finals_Seoul_2024_race006:left
rf_smote,phase2_feature_engineered,3,129,0,0,0.1195,Speed_finals_Seoul_2024_race007:right
rf_smote,phase2_feature_engineered,4,130,0,0,0.0,Speed_finals_Seoul_2024_race008:left
rf_smote,phase2_feature_engineered,4,132,0,0,0.0033333333333333,Speed_finals_Seoul_2024_race009:left
rf_smote,phase2_feature_engineered,3,133,0,0,0.0213333333333333,Speed_finals_Seoul_2024_race009:right
rf_smote,phase2_feature_engineered,2,135,0,0,0.0189841269841269,Speed_finals_Seoul_2024_race010:right
rf_smote,phase2_feature_engineered,3,137,0,0,0.018,Speed_finals_Seoul_2024_race011:right
rf_smote,phase2_feature_engineered,2,139,0,0,0.0027777777777777,Speed_finals_Seoul_2024_race012:right
rf_smote,phase2_feature_engineered,4,140,0,0,0.0,Speed_finals_Seoul_2024_race013:left
rf_smote,phase2_feature_engineered,3,141,0,0,0.0177777777777777,Speed_finals_Seoul_2024_race013:right
rf_smote,phase2_feature_engineered,3,143,0,0,0.0083333333333333,Speed_finals_Seoul_2024_race014:right
rf_smote,phase2_feature_engineered,0,145,0,0,0.0375,Speed_finals_Seoul_2024_race015:right
rf_smote,phase2_feature_engineered,1,146,1,1,0.9119444444444444,Speed_finals_Seoul_2024_race016:left
rf_smote,phase2_feature_engineered,0,148,0,0,0.0016666666666666,Speed_finals_Seoul_2024_race017:left
rf_smote,phase2_feature_engineered,0,150,0,0,0.0,Speed_finals_Seoul_2024_race018:left
rf_smote,phase2_feature_engineered,3,152,0,0,0.0155555555555555,Speed_finals_Seoul_2024_race019:left
rf_smote,phase2_feature_engineered,0,154,0,0,0.0425,Speed_finals_Seoul_2024_race020:left
rf_smote,phase2_feature_engineered,1,156,0,0,0.0072222222222222,Speed_finals_Seoul_2024_race021:left
rf_smote,phase2_feature_engineered,3,160,0,0,0.0061111111111111,Speed_finals_Seoul_2024_race023:left
rf_smote,phase2_feature_engineered,3,161,0,0,0.0252777777777777,Speed_finals_Seoul_2024_race023:right
rf_smote,phase2_feature_engineered,0,162,1,1,0.7780555555555556,Speed_finals_Seoul_2024_race024:left
rf_smote,phase2_feature_engineered,2,164,0,0,0.0011111111111111,Speed_finals_Seoul_2024_race025:left
rf_smote,phase2_feature_engineered,1,165,0,0,0.0119444444444444,Speed_finals_Seoul_2024_race025:right
rf_smote,phase2_feature_engineered,2,166,0,0,0.0394444444444444,Speed_finals_Seoul_2024_race026:left
rf_smote,phase2_feature_engineered,4,168,0,0,0.0,Speed_finals_Seoul_2024_race027:left
rf_smote,phase2_feature_engineered,1,171,0,0,0.0,Speed_finals_Seoul_2024_race028:right
rf_smote,phase2_feature_engineered,2,174,1,1,0.9433888888888888,Speed_finals_Seoul_2024_race030:left
rf_smote,phase2_feature_engineered,2,176,0,0,0.0077777777777777,Speed_finals_Seoul_2024_race031:left
rf_smote,phase2_feature_engineered,1,177,0,0,0.0088888888888888,Speed_finals_Seoul_2024_race031:right
rf_smote,phase2_feature_engineered,4,178,0,0,0.0465555555555555,Speed_finals_Villars_2024_race001:left
rf_smote,phase2_feature_engineered,1,183,0,0,0.0194444444444444,Speed_finals_Villars_2024_race003:right
rf_smote,phase2_feature_engineered,2,185,0,0,0.0066666666666666,Speed_finals_Villars_2024_race004:right
rf_smote,phase2_feature_engineered,3,187,0,0,0.0822222222222222,Speed_finals_Villars_2024_race005:right
rf_smote,phase2_feature_engineered,4,189,0,0,0.0484444444444444,Speed_finals_Villars_2024_race006:right
rf_smote,phase2_feature_engineered,2,190,0,0,0.0652777777777777,Speed_finals_Villars_2024_race007:left
rf_smote,phase2_feature_engineered,3,192,1,1,0.8342222222222223,Speed_finals_Villars_2024_race008:left
rf_smote,phase2_feature_engineered,1,194,1,0,0.370611111111111,Speed_finals_Villars_2024_race009:right
rf_smote,phase2_feature_engineered,1,196,0,0,0.0025,Speed_finals_Villars_2024_race010:right
rf_smote,phase2_feature_engineered,2,197,0,0,0.0072222222222222,Speed_finals_Villars_2024_race011:left
rf_smote,phase2_feature_engineered,3,199,0,0,0.0066666666666666,Speed_finals_Villars_2024_race012:left
rf_smote,phase2_feature_engineered,1,204,0,0,0.0333333333333333,Speed_finals_Villars_2024_race014:right
rf_smote,phase2_feature_engineered,1,207,0,0,0.0011111111111111,Speed_finals_Villars_2024_race016:right
rf_smote,phase2_feature_engineered,3,208,0,0,0.0,Speed_finals_Villars_2024_race017:left
rf_smote,phase2_feature_engineered,4,209,0,0,0.0066666666666666,Speed_finals_Villars_2024_race017:right
rf_smote,phase2_feature_engineered,4,210,0,0,0.1070555555555555,Speed_finals_Villars_2024_race018:left
rf_smote,phase2_feature_engineered,3,214,0,0,0.0219444444444444,Speed_finals_Villars_2024_race020:left
rf_smote,phase2_feature_engineered,4,215,0,0,0.0805,Speed_finals_Villars_2024_race021:left
rf_smote,phase2_feature_engineered,3,220,0,0,0.0677777777777777,Speed_finals_Villars_2024_race024:right
rf_smote,phase2_feature_engineered,4,230,1,1,0.9154166666666668,Speed_finals_Zilina_2025_race020:left
xgb_scale_pos_weight,phase2_feature_engineered,0,0,0,0,0.0021281484514474,Speed_finals_Chamonix_2024_race001:left
xgb_scale_pos_weight,phase2_feature_engineered,2,2,0,0,0.002704007551074,Speed_finals_Chamonix_2024_race002:left
xgb_scale_pos_weight,phase2_feature_engineered,3,4,0,0,0.0027851515915244,Speed_finals_Chamonix_2024_race003:left
xgb_scale_pos_weight,phase2_feature_engineered,1,7,0,0,0.002048198133707,Speed_finals_Chamonix_2024_race004:right
xgb_scale_pos_weight,phase2_feature_engineered,3,8,0,0,0.0164077803492546,Speed_finals_Chamonix_2024_race005:left
xgb_scale_pos_weight,phase2_feature_engineered,1,10,0,0,0.003450785530731,Speed_finals_Chamonix_2024_race006:left
xgb_scale_pos_weight,phase2_feature_engineered,4,12,0,0,0.0023224719334393,Speed_finals_Chamonix_2024_race007:left
xgb_scale_pos_weight,phase2_feature_engineered,0,15,0,0,0.0020970192272216,Speed_finals_Chamonix_2024_race008:right
xgb_scale_pos_weight,phase2_feature_engineered,1,17,0,0,0.0074542239308357,Speed_finals_Chamonix_2024_race009:right
xgb_scale_pos_weight,phase2_feature_engineered,3,21,0,0,0.0075535727664828,Speed_finals_Chamonix_2024_race011:right
xgb_scale_pos_weight,phase2_feature_engineered,1,22,0,0,0.0033714671153575,Speed_finals_Chamonix_2024_race012:left
xgb_scale_pos_weight,phase2_feature_engineered,3,26,0,0,0.002518500899896,Speed_finals_Chamonix_2024_race014:left
xgb_scale_pos_weight,phase2_feature_engineered,1,28,0,0,0.0022196853533387,Speed_finals_Chamonix_2024_race015:left
xgb_scale_pos_weight,phase2_feature_engineered,4,31,0,0,0.0023304538335651,Speed_finals_Chamonix_2024_race016:right
xgb_scale_pos_weight,phase2_feature_engineered,2,32,0,0,0.0027809725143015,Speed_finals_Chamonix_2024_race017:left
xgb_scale_pos_weight,phase2_feature_engineered,2,33,0,0,0.0026436736807227,Speed_finals_Chamonix_2024_race017:right
xgb_scale_pos_weight,phase2_feature_engineered,0,35,0,0,0.0019560393411666,Speed_finals_Chamonix_2024_race018:right
xgb_scale_pos_weight,phase2_feature_engineered,4,37,0,0,0.002635289914906,Speed_finals_Chamonix_2024_race019:right
xgb_scale_pos_weight,phase2_feature_engineered,2,38,0,0,0.0277352929115295,Speed_finals_Chamonix_2024_race020:left
xgb_scale_pos_weight,phase2_feature_engineered,2,40,0,0,0.00591432582587,Speed_finals_Chamonix_2024_race021:left
xgb_scale_pos_weight,phase2_feature_engineered,3,42,0,0,0.0022330170031636,Speed_finals_Chamonix_2024_race022:left
xgb_scale_pos_weight,phase2_feature_engineered,3,45,0,0,0.0032653890084475,Speed_finals_Chamonix_2024_race024:left
xgb_scale_pos_weight,phase2_feature_engineered,4,46,0,0,0.0023224719334393,Speed_finals_Chamonix_2024_race024:right
xgb_scale_pos_weight,phase2_feature_engineered,3,49,0,0,0.0015395844820886,Speed_finals_Chamonix_2024_race026:right
xgb_scale_pos_weight,phase2_feature_engineered,1,50,0,0,0.0015857039252296,Speed_finals_Chamonix_2024_race027:left
xgb_scale_pos_weight,phase2_feature_engineered,2,52,0,0,0.0026202865410596,Speed_finals_Chamonix_2024_race028:left
xgb_scale_pos_weight,phase2_feature_engineered,4,54,0,0,0.0054158642888069,Speed_finals_Chamonix_2024_race029:left
xgb_scale_pos_weight,phase2_feature_engineered,2,56,0,0,0.0034739128313958,Speed_finals_Chamonix_2024_race030:left
xgb_scale_pos_weight,phase2_feature_engineered,0,59,0,0,0.0059361257590353,Speed_finals_Chamonix_2024_race032:right
xgb_scale_pos_weight,phase2_feature_engineered,4,62,0,0,0.0027453259099274,Speed_finals_Innsbruck_2024_race002:left
xgb_scale_pos_weight,phase2_feature_engineered,0,64,0,0,0.0043636122718453,Speed_finals_Innsbruck_2024_race003:left
xgb_scale_pos_weight,phase2_feature_engineered,1,65,0,0,0.0031141720246523,Speed_finals_Innsbruck_2024_race003:right
xgb_scale_pos_weight,phase2_feature_engineered,0,67,0,0,0.0018312076572328,Speed_finals_Innsbruck_2024_race005:left
xgb_scale_pos_weight,phase2_feature_engineered,1,69,0,0,0.0027201753109693,Speed_finals_Innsbruck_2024_race006:left
xgb_scale_pos_weight,phase2_feature_engineered,2,73,0,0,0.0042367503046989,Speed_finals_Innsbruck_2024_race008:left
xgb_scale_pos_weight,phase2_feature_engineered,2,75,0,0,0.0027947355993092,Speed_finals_Innsbruck_2024_race009:left
xgb_scale_pos_weight,phase2_feature_engineered,3,77,0,0,0.001556386356242,Speed_finals_Innsbruck_2024_race010:left
xgb_scale_pos_weight,phase2_feature_engineered,0,82,0,0,0.0018383983988314,Speed_finals_Innsbruck_2024_race013:left
xgb_scale_pos_weight,phase2_feature_engineered,0,84,0,0,0.0020279614254832,Speed_finals_Innsbruck_2024_race014:left
xgb_scale_pos_weight,phase2_feature_engineered,4,89,0,0,0.005716408137232,Speed_finals_Innsbruck_2024_race017:left
xgb_scale_pos_weight,phase2_feature_engineered,3,90,0,0,0.0070887925103306,Speed_finals_Innsbruck_2024_race018:left
xgb_scale_pos_weight,phase2_feature_engineered,2,93,0,0,0.0046061603352427,Speed_finals_Innsbruck_2024_race019:right
xgb_scale_pos_weight,phase2_feature_engineered,3,94,0,0,0.0019719519186764,Speed_finals_Innsbruck_2024_race020:left
xgb_scale_pos_weight,phase2_feature_engineered,3,96,0,0,0.0019966966938227,Speed_finals_Innsbruck_2024_race021:left
xgb_scale_pos_weight,phase2_feature_engineered,4,99,0,0,0.0024433997459709,Speed_finals_Innsbruck_2024_race023:right
xgb_scale_pos_weight,phase2_feature_engineered,0,101,0,0,0.0020614562090486,Speed_finals_Innsbruck_2024_race024:right
xgb_scale_pos_weight,phase2_feature_engineered,1,103,0,0,0.0019609231967478,Speed_finals_Innsbruck_2024_race025:right
xgb_scale_pos_weight,phase2_feature_engineered,2,107,0,0,0.0062649878673255,Speed_finals_Innsbruck_2024_race027:right
xgb_scale_pos_weight,phase2_feature_engineered,3,108,0,0,0.0020668839570134,Speed_finals_Innsbruck_2024_race028:left
xgb_scale_pos_weight,phase2_feature_engineered,1,111,0,0,0.0027201753109693,Speed_finals_Innsbruck_2024_race029:right
xgb_scale_pos_weight,phase2_feature_engineered,3,113,0,0,0.0104587767273187,Speed_finals_Innsbruck_2024_race030:right
xgb_scale_pos_weight,phase2_feature_engineered,3,114,0,0,0.0019966966938227,Speed_finals_Innsbruck_2024_race031:left
xgb_scale_pos_weight,phase2_feature_engineered,2,115,0,0,0.0036314621102064,Speed_finals_Innsbruck_2024_race031:right
xgb_scale_pos_weight,phase2_feature_engineered,2,118,0,0,0.0026667970232665,Speed_finals_Seoul_2024_race001:right
xgb_scale_pos_weight,phase2_feature_engineered,1,119,0,0,0.0015857039252296,Speed_finals_Seoul_2024_race002:left
xgb_scale_pos_weight,phase2_feature_engineered,3,121,0,0,0.001556386356242,Speed_finals_Seoul_2024_race003:left
xgb_scale_pos_weight,phase2_feature_engineered,0,123,0,0,0.0042136767879128,Speed_finals_Seoul_2024_race004:left
xgb_scale_pos_weight,phase2_feature_engineered,0,124,0,0,0.0017778421752154,Speed_finals_Seoul_2024_race005:left
xgb_scale_pos_weight,phase2_feature_engineered,3,126,0,0,0.0015395465306937,Speed_finals_Seoul_2024_race006:left
xgb_scale_pos_weight,phase2_feature_engineered,3,129,0,0,0.0074287001043558,Speed_finals_Seoul_2024_race007:right
xgb_scale_pos_weight,phase2_feature_engineered,4,130,0,0,0.0023804360534995,Speed_finals_Seoul_2024_race008:left
xgb_scale_pos_weight,phase2_feature_engineered,4,132,0,0,0.0052648088894784,Speed_finals_Seoul_2024_race009:left
xgb_scale_pos_weight,phase2_feature_engineered,3,133,0,0,0.0049459743313491,Speed_finals_Seoul_2024_race009:right
xgb_scale_pos_weight,phase2_feature_engineered,2,135,0,0,0.003957865294069,Speed_finals_Seoul_2024_race010:right
xgb_scale_pos_weight,phase2_feature_engineered,3,137,0,0,0.0050059054046869,Speed_finals_Seoul_2024_race011:right
xgb_scale_pos_weight,phase2_feature_engineered,2,139,0,0,0.002423332305625,Speed_finals_Seoul_2024_race012:right
xgb_scale_pos_weight,phase2_feature_engineered,4,140,0,0,0.0022389073856174,Speed_finals_Seoul_2024_race013:left
xgb_scale_pos_weight,phase2_feature_engineered,3,141,0,0,0.0016384840710088,Speed_finals_Seoul_2024_race013:right
xgb_scale_pos_weight,phase2_feature_engineered,3,143,0,0,0.0017347446409985,Speed_finals_Seoul_2024_race014:right
xgb_scale_pos_weight,phase2_feature_engineered,0,145,0,0,0.0022422149777412,Speed_finals_Seoul_2024_race015:right
xgb_scale_pos_weight,phase2_feature_engineered,1,146,1,1,0.9959685802459716,Speed_finals_Seoul_2024_race016:left
xgb_scale_pos_weight,phase2_feature_engineered,0,148,0,0,0.0017778421752154,Speed_finals_Seoul_2024_race017:left
xgb_scale_pos_weight,phase2_feature_engineered,0,150,0,0,0.0017778421752154,Speed_finals_Seoul_2024_race018:left
xgb_scale_pos_weight,phase2_feature_engineered,3,152,0,0,0.004267415497452,Speed_finals_Seoul_2024_race019:left
xgb_scale_pos_weight,phase2_feature_engineered,0,154,0,0,0.0021281484514474,Speed_finals_Seoul_2024_race020:left
xgb_scale_pos_weight,phase2_feature_engineered,1,156,0,0,0.0019659043755382,Speed_finals_Seoul_2024_race021:left
xgb_scale_pos_weight,phase2_feature_engineered,3,160,0,0,0.0027550561353564,Speed_finals_Seoul_2024_race023:left
xgb_scale_pos_weight,phase2_feature_engineered,3,161,0,0,0.0022063376381993,Speed_finals_Seoul_2024_race023:right
xgb_scale_pos_weight,phase2_feature_engineered,0,162,1,1,0.9972834587097168,Speed_finals_Seoul_2024_race024:left
xgb_scale_pos_weight,phase2_feature_engineered,2,164,0,0,0.0027705030515789,Speed_finals_Seoul_2024_race025:left
xgb_scale_pos_weight,phase2_feature_engineered,1,165,0,0,0.002048198133707,Speed_finals_Seoul_2024_race025:right
xgb_scale_pos_weight,phase2_feature_engineered,2,166,0,0,0.0057944064028561,Speed_finals_Seoul_2024_race026:left
xgb_scale_pos_weight,phase2_feature_engineered,4,168,0,0,0.002488381229341,Speed_finals_Seoul_2024_race027:left
xgb_scale_pos_weight,phase2_feature_engineered,1,171,0,0,0.0032138770911842,Speed_finals_Seoul_2024_race028:right
xgb_scale_pos_weight,phase2_feature_engineered,2,174,1,1,0.9970491528511048,Speed_finals_Seoul_2024_race030:left
xgb_scale_pos_weight,phase2_feature_engineered,2,176,0,0,0.0058853244408965,Speed_finals_Seoul_2024_race031:left
xgb_scale_pos_weight,phase2_feature_engineered,1,177,0,0,0.0044743954204022,Speed_finals_Seoul_2024_race031:right
xgb_scale_pos_weight,phase2_feature_engineered,4,178,0,0,0.0052530202083289,Speed_finals_Villars_2024_race001:left
xgb_scale_pos_weight,phase2_feature_engineered,1,183,0,0,0.0030167659278959,Speed_finals_Villars_2024_race003:right
xgb_scale_pos_weight,phase2_feature_engineered,2,185,0,0,0.0026691546663641,Speed_finals_Villars_2024_race004:right
xgb_scale_pos_weight,phase2_feature_engineered,3,187,0,0,0.0120584713295102,Speed_finals_Villars_2024_race005:right
xgb_scale_pos_weight,phase2_feature_engineered,4,189,0,0,0.0096768578514456,Speed_finals_Villars_2024_race006:right
xgb_scale_pos_weight,phase2_feature_engineered,2,190,0,0,0.0050332713872194,Speed_finals_Villars_2024_race007:left
xgb_scale_pos_weight,phase2_feature_engineered,3,192,1,1,0.9965345859527588,Speed_finals_Villars_2024_race008:left
xgb_scale_pos_weight,phase2_feature_engineered,1,194,1,0,0.0225679595023393,Speed_finals_Villars_2024_race009:right
xgb_scale_pos_weight,phase2_feature_engineered,1,196,0,0,0.0021731527522206,Speed_finals_Villars_2024_race010:right
xgb_scale_pos_weight,phase2_feature_engineered,2,197,0,0,0.003789595561102,Speed_finals_Villars_2024_race011:left
xgb_scale_pos_weight,phase2_feature_engineered,3,199,0,0,0.0019719519186764,Speed_finals_Villars_2024_race012:left
xgb_scale_pos_weight,phase2_feature_engineered,1,204,0,0,0.0023897509090602,Speed_finals_Villars_2024_race014:right
xgb_scale_pos_weight,phase2_feature_engineered,1,207,0,0,0.0031966359820216,Speed_finals_Villars_2024_race016:right
xgb_scale_pos_weight,phase2_feature_engineered,3,208,0,0,0.0016379397129639,Speed_finals_Villars_2024_race017:left
xgb_scale_pos_weight,phase2_feature_engineered,4,209,0,0,0.0023474264889955,Speed_finals_Villars_2024_race017:right
xgb_scale_pos_weight,phase2_feature_engineered,4,210,0,0,0.0096614258363842,Speed_finals_Villars_2024_race018:left
xgb_scale_pos_weight,phase2_feature_engineered,3,214,0,0,0.0020976229570806,Speed_finals_Villars_2024_race020:left
xgb_scale_pos_weight,phase2_feature_engineered,4,215,0,0,0.0043236063793301,Speed_finals_Villars_2024_race021:left
xgb_scale_pos_weight,phase2_feature_engineered,3,220,0,0,0.0109057836234569,Speed_finals_Villars_2024_race024:right
xgb_scale_pos_weight,phase2_feature_engineered,4,230,1,1,0.997267246246338,Speed_finals_Zilina_2025_race020:left
xgb_smote,phase2_feature_engineered,0,0,0,0,0.0037014244589954,Speed_finals_Chamonix_2024_race001:left
xgb_smote,phase2_feature_engineered,2,2,0,0,0.0029378905892372,Speed_finals_Chamonix_2024_race002:left
xgb_smote,phase2_feature_engineered,3,4,0,0,0.0026897550560534,Speed_finals_Chamonix_2024_race003:left
xgb_smote,phase2_feature_engineered,1,7,0,0,0.0023073314223438,Speed_finals_Chamonix_2024_race004:right
xgb_smote,phase2_feature_engineered,3,8,0,0,0.0119449524208903,Speed_finals_Chamonix_2024_race005:left
xgb_smote,phase2_feature_engineered,1,10,0,0,0.0024224838707596,Speed_finals_Chamonix_2024_race006:left
xgb_smote,phase2_feature_engineered,4,12,0,0,0.0028846694622188,Speed_finals_Chamonix_2024_race007:left
xgb_smote,phase2_feature_engineered,0,15,0,0,0.0022721220739185,Speed_finals_Chamonix_2024_race008:right
xgb_smote,phase2_feature_engineered,1,17,0,0,0.0058183567598462,Speed_finals_Chamonix_2024_race009:right
xgb_smote,phase2_feature_engineered,3,21,0,0,0.0080063370987772,Speed_finals_Chamonix_2024_race011:right
xgb_smote,phase2_feature_engineered,1,22,0,0,0.0024430626071989,Speed_finals_Chamonix_2024_race012:left
xgb_smote,phase2_feature_engineered,3,26,0,0,0.0031754437368363,Speed_finals_Chamonix_2024_race014:left
xgb_smote,phase2_feature_engineered,1,28,0,0,0.0023073314223438,Speed_finals_Chamonix_2024_race015:left
xgb_smote,phase2_feature_engineered,4,31,0,0,0.0028846694622188,Speed_finals_Chamonix_2024_race016:right
xgb_smote,phase2_feature_engineered,2,32,0,0,0.0025204170960932,Speed_finals_Chamonix_2024_race017:left
xgb_smote,phase2_feature_engineered,2,33,0,0,0.0027521424926817,Speed_finals_Chamonix_2024_race017:right
xgb_smote,phase2_feature_engineered,0,35,0,0,0.0022721220739185,Speed_finals_Chamonix_2024_race018:right
xgb_smote,phase2_feature_engineered,4,37,0,0,0.0032647871412336,Speed_finals_Chamonix_2024_race019:right
xgb_smote,phase2_feature_engineered,2,38,0,0,0.0208168793469667,Speed_finals_Chamonix_2024_race020:left
xgb_smote,phase2_feature_engineered,2,40,0,0,0.0041957162320613,Speed_finals_Chamonix_2024_race021:left
xgb_smote,phase2_feature_engineered,3,42,0,0,0.0028466728981584,Speed_finals_Chamonix_2024_race022:left
xgb_smote,phase2_feature_engineered,3,45,0,0,0.0031754437368363,Speed_finals_Chamonix_2024_race024:left
xgb_smote,phase2_feature_engineered,4,46,0,0,0.0028846694622188,Speed_finals_Chamonix_2024_race024:right
xgb_smote,phase2_feature_engineered,3,49,0,0,0.0024641330819576,Speed_finals_Chamonix_2024_race026:right
xgb_smote,phase2_feature_engineered,1,50,0,0,0.0023073314223438,Speed_finals_Chamonix_2024_race027:left
xgb_smote,phase2_feature_engineered,2,52,0,0,0.0027453077491372,Speed_finals_Chamonix_2024_race028:left
xgb_smote,phase2_feature_engineered,4,54,0,0,0.0203772243112325,Speed_finals_Chamonix_2024_race029:left
xgb_smote,phase2_feature_engineered,2,56,0,0,0.0026398857589811,Speed_finals_Chamonix_2024_race030:left
xgb_smote,phase2_feature_engineered,0,59,0,0,0.008982160128653,Speed_finals_Chamonix_2024_race032:right
xgb_smote,phase2_feature_engineered,4,62,0,0,0.0032241740263998,Speed_finals_Innsbruck_2024_race002:left
xgb_smote,phase2_feature_engineered,0,64,0,0,0.0073937838897109,Speed_finals_Innsbruck_2024_race003:left
xgb_smote,phase2_feature_engineered,1,65,0,0,0.0023674571420997,Speed_finals_Innsbruck_2024_race003:right
xgb_smote,phase2_feature_engineered,0,67,0,0,0.0022721220739185,Speed_finals_Innsbruck_2024_race005:left
xgb_smote,phase2_feature_engineered,1,69,0,0,0.0024430369958281,Speed_finals_Innsbruck_2024_race006:left
xgb_smote,phase2_feature_engineered,2,73,0,0,0.0041848206892609,Speed_finals_Innsbruck_2024_race008:left
xgb_smote,phase2_feature_engineered,2,75,0,0,0.0035810987465083,Speed_finals_Innsbruck_2024_race009:left
xgb_smote,phase2_feature_engineered,3,77,0,0,0.0023335756268352,Speed_finals_Innsbruck_2024_race010:left
xgb_smote,phase2_feature_engineered,0,82,0,0,0.002355616306886,Speed_finals_Innsbruck_2024_race013:left
xgb_smote,phase2_feature_engineered,0,84,0,0,0.0022721220739185,Speed_finals_Innsbruck_2024_race014:left
xgb_smote,phase2_feature_engineered,4,89,0,0,0.0061311116442084,Speed_finals_Innsbruck_2024_race017:left
xgb_smote,phase2_feature_engineered,3,90,0,0,0.008540897630155,Speed_finals_Innsbruck_2024_race018:left
xgb_smote,phase2_feature_engineered,2,93,0,0,0.0062715131789445,Speed_finals_Innsbruck_2024_race019:right
xgb_smote,phase2_feature_engineered,3,94,0,0,0.0025238622911274,Speed_finals_Innsbruck_2024_race020:left
xgb_smote,phase2_feature_engineered,3,96,0,0,0.0023335756268352,Speed_finals_Innsbruck_2024_race021:left
xgb_smote,phase2_feature_engineered,4,99,0,0,0.0028846694622188,Speed_finals_Innsbruck_2024_race023:right
xgb_smote,phase2_feature_engineered,0,101,0,0,0.0025582485832273,Speed_finals_Innsbruck_2024_race024:right
xgb_smote,phase2_feature_engineered,1,103,0,0,0.0024430369958281,Speed_finals_Innsbruck_2024_race025:right
xgb_smote,phase2_feature_engineered,2,107,0,0,0.0055173737928271,Speed_finals_Innsbruck_2024_race027:right
xgb_smote,phase2_feature_engineered,3,108,0,0,0.0023335756268352,Speed_finals_Innsbruck_2024_race028:left
xgb_smote,phase2_feature_engineered,1,111,0,0,0.0025067159440368,Speed_finals_Innsbruck_2024_race029:right
xgb_smote,phase2_feature_engineered,3,113,0,0,0.0108466371893882,Speed_finals_Innsbruck_2024_race030:right
xgb_smote,phase2_feature_engineered,3,114,0,0,0.0024570452515035,Speed_finals_Innsbruck_2024_race031:left
xgb_smote,phase2_feature_engineered,2,115,0,0,0.0035157990641891,Speed_finals_Innsbruck_2024_race031:right
xgb_smote,phase2_feature_engineered,2,118,0,0,0.002882563509047,Speed_finals_Seoul_2024_race001:right
xgb_smote,phase2_feature_engineered,1,119,0,0,0.0023073314223438,Speed_finals_Seoul_2024_race002:left
xgb_smote,phase2_feature_engineered,3,121,0,0,0.0023335756268352,Speed_finals_Seoul_2024_race003:left
xgb_smote,phase2_feature_engineered,0,123,0,0,0.0043238010257482,Speed_finals_Seoul_2024_race004:left
xgb_smote,phase2_feature_engineered,0,124,0,0,0.0022721220739185,Speed_finals_Seoul_2024_race005:left
xgb_smote,phase2_feature_engineered,3,126,0,0,0.0023335756268352,Speed_finals_Seoul_2024_race006:left
xgb_smote,phase2_feature_engineered,3,129,0,0,0.014586423523724,Speed_finals_Seoul_2024_race007:right
xgb_smote,phase2_feature_engineered,4,130,0,0,0.0028846694622188,Speed_finals_Seoul_2024_race008:left
xgb_smote,phase2_feature_engineered,4,132,0,0,0.0056520132347941,Speed_finals_Seoul_2024_race009:left
xgb_smote,phase2_feature_engineered,3,133,0,0,0.0056434767320752,Speed_finals_Seoul_2024_race009:right
xgb_smote,phase2_feature_engineered,2,135,0,0,0.0053953118622303,Speed_finals_Seoul_2024_race010:right
xgb_smote,phase2_feature_engineered,3,137,0,0,0.0065743597224354,Speed_finals_Seoul_2024_race011:right
xgb_smote,phase2_feature_engineered,2,139,0,0,0.0025204170960932,Speed_finals_Seoul_2024_race012:right
xgb_smote,phase2_feature_engineered,4,140,0,0,0.0028846694622188,Speed_finals_Seoul_2024_race013:left
xgb_smote,phase2_feature_engineered,3,141,0,0,0.002390147652477,Speed_finals_Seoul_2024_race013:right
xgb_smote,phase2_feature_engineered,3,143,0,0,0.0023970431648194,Speed_finals_Seoul_2024_race014:right
xgb_smote,phase2_feature_engineered,0,145,0,0,0.0043119806796312,Speed_finals_Seoul_2024_race015:right
xgb_smote,phase2_feature_engineered,1,146,1,1,0.9963847398757936,Speed_finals_Seoul_2024_race016:left
xgb_smote,phase2_feature_engineered,0,148,0,0,0.0022721220739185,Speed_finals_Seoul_2024_race017:left
xgb_smote,phase2_feature_engineered,0,150,0,0,0.0022721220739185,Speed_finals_Seoul_2024_race018:left
xgb_smote,phase2_feature_engineered,3,152,0,0,0.0043013030663132,Speed_finals_Seoul_2024_race019:left
xgb_smote,phase2_feature_engineered,0,154,0,0,0.002367869252339,Speed_finals_Seoul_2024_race020:left
xgb_smote,phase2_feature_engineered,1,156,0,0,0.0023073314223438,Speed_finals_Seoul_2024_race021:left
xgb_smote,phase2_feature_engineered,3,160,0,0,0.0028466728981584,Speed_finals_Seoul_2024_race023:left
xgb_smote,phase2_feature_engineered,3,161,0,0,0.0027713333256542,Speed_finals_Seoul_2024_race023:right
xgb_smote,phase2_feature_engineered,0,162,1,1,0.9892483353614808,Speed_finals_Seoul_2024_race024:left
xgb_smote,phase2_feature_engineered,2,164,0,0,0.0035810987465083,Speed_finals_Seoul_2024_race025:left
xgb_smote,phase2_feature_engineered,1,165,0,0,0.0023073314223438,Speed_finals_Seoul_2024_race025:right
xgb_smote,phase2_feature_engineered,2,166,0,0,0.0083804056048393,Speed_finals_Seoul_2024_race026:left
xgb_smote,phase2_feature_engineered,4,168,0,0,0.0031299295369535,Speed_finals_Seoul_2024_race027:left
xgb_smote,phase2_feature_engineered,1,171,0,0,0.0023073314223438,Speed_finals_Seoul_2024_race028:right
xgb_smote,phase2_feature_engineered,2,174,1,1,0.9951905012130736,Speed_finals_Seoul_2024_race030:left
xgb_smote,phase2_feature_engineered,2,176,0,0,0.0044155726209282,Speed_finals_Seoul_2024_race031:left
xgb_smote,phase2_feature_engineered,1,177,0,0,0.0034148131962865,Speed_finals_Seoul_2024_race031:right
xgb_smote,phase2_feature_engineered,4,178,0,0,0.0064542209729552,Speed_finals_Villars_2024_race001:left
xgb_smote,phase2_feature_engineered,1,183,0,0,0.0025645396672189,Speed_finals_Villars_2024_race003:right
xgb_smote,phase2_feature_engineered,2,185,0,0,0.002882563509047,Speed_finals_Villars_2024_race004:right
xgb_smote,phase2_feature_engineered,3,187,0,0,0.0095858508720994,Speed_finals_Villars_2024_race005:right
xgb_smote,phase2_feature_engineered,4,189,0,0,0.0093990257009863,Speed_finals_Villars_2024_race006:right
xgb_smote,phase2_feature_engineered,2,190,0,0,0.0077202646061778,Speed_finals_Villars_2024_race007:left
xgb_smote,phase2_feature_engineered,3,192,1,1,0.9921995997428894,Speed_finals_Villars_2024_race008:left
xgb_smote,phase2_feature_engineered,1,194,1,0,0.2827964127063751,Speed_finals_Villars_2024_race009:right
xgb_smote,phase2_feature_engineered,1,196,0,0,0.0024994213599711,Speed_finals_Villars_2024_race010:right
xgb_smote,phase2_feature_engineered,2,197,0,0,0.0030918165575712,Speed_finals_Villars_2024_race011:left
xgb_smote,phase2_feature_engineered,3,199,0,0,0.0023335756268352,Speed_finals_Villars_2024_race012:left
xgb_smote,phase2_feature_engineered,1,204,0,0,0.0026187654584646,Speed_finals_Villars_2024_race014:right
xgb_smote,phase2_feature_engineered,1,207,0,0,0.0024263069499284,Speed_finals_Villars_2024_race016:right
xgb_smote,phase2_feature_engineered,3,208,0,0,0.0024664034135639,Speed_finals_Villars_2024_race017:left
xgb_smote,phase2_feature_engineered,4,209,0,0,0.0028846694622188,Speed_finals_Villars_2024_race017:right
xgb_smote,phase2_feature_engineered,4,210,0,0,0.0138245811685919,Speed_finals_Villars_2024_race018:left
xgb_smote,phase2_feature_engineered,3,214,0,0,0.0027713333256542,Speed_finals_Villars_2024_race020:left
xgb_smote,phase2_feature_engineered,4,215,0,0,0.0104351490736007,Speed_finals_Villars_2024_race021:left
xgb_smote,phase2_feature_engineered,3,220,0,0,0.0080137904733419,Speed_finals_Villars_2024_race024:right
xgb_smote,phase2_feature_engineered,4,230,1,1,0.9963451027870178,Speed_finals_Zilina_2025_race020:left
