model,method,feature,score,score_std
logreg_balanced,permutation,post_avg_knee_angle,0.008166666666666678,0.016333333333333356
logreg_balanced,permutation,post_knee_angle_std,0.0,0.0
logreg_balanced,permutation,post_avg_elbow_angle,0.0030447096562943184,0.006089419312588638
logreg_balanced,permutation,post_elbow_angle_std,0.015395913945532127,0.014481357139850971
logreg_balanced,permutation,post_avg_body_lean,0.03263149331986511,0.022003375965046708
logreg_balanced,permutation,post_body_lean_std,0.23975914462818562,0.08797912457852143
logreg_balanced,permutation,post_hip_width_ratio,0.0005632183908045984,0.0011264367816091968
logreg_balanced,permutation,post_avg_reach_ratio,0.003883536312902276,0.005410215702581775
logreg_balanced,permutation,post_max_reach_ratio,0.026751898165691262,0.04979778451263924
logreg_balanced,permutation,freq_limb_sync_ratio,-0.00846975371694472,0.01693950743388944
logreg_balanced,permutation,freq_hand_movement_amplitude,-0.00434980895093254,0.00869961790186508
logreg_balanced,permutation,freq_foot_movement_amplitude,0.007326505371449183,0.04089223213911443
logreg_balanced,permutation,freq_foot_frequency_hz,0.005350574712643686,0.010701149425287371
logreg_balanced,permutation,freq_hand_frequency_hz,0.0,0.0
logreg_balanced,permutation,freq_movement_regularity,0.0,0.0
rf_balanced,native,post_avg_knee_angle,0.009838080364915926,0.0
rf_balanced,native,post_knee_angle_std,0.005989769006565328,0.0
rf_balanced,native,post_avg_elbow_angle,0.008830161610185131,0.0
rf_balanced,native,post_elbow_angle_std,0.013178868634837708,0.0
rf_balanced,native,post_avg_body_lean,0.24202463364182758,0.0
rf_balanced,native,post_body_lean_std,0.3150097092677149,0.0
rf_balanced,native,post_hip_width_ratio,0.00908779534463933,0.0
rf_balanced,native,post_avg_reach_ratio,0.030728859074650144,0.0
rf_balanced,native,post_max_reach_ratio,0.10014941047849375,0.0
rf_balanced,native,freq_limb_sync_ratio,0.04524029323944184,0.0
rf_balanced,native,freq_hand_movement_amplitude,0.05223992876327233,0.0
rf_balanced,native,freq_foot_movement_amplitude,0.12936698227062363,0.0
rf_balanced,native,freq_foot_frequency_hz,0.015719163466129244,0.0
rf_balanced,native,freq_hand_frequency_hz,0.008279493525429128,0.0
rf_balanced,native,freq_movement_regularity,0.014316851311274232,0.0
rf_balanced,permutation,post_avg_knee_angle,-0.0006707543664065407,0.0013415087328130814
rf_balanced,permutation,post_knee_angle_std,0.0,0.0
rf_balanced,permutation,post_avg_elbow_angle,0.0,0.0
rf_balanced,permutation,post_elbow_angle_std,0.0,0.0
rf_balanced,permutation,post_avg_body_lean,0.11355405800703955,0.08157273898220727
rf_balanced,permutation,post_body_lean_std,0.3672262416925077,0.12491153335892186
rf_balanced,permutation,post_hip_width_ratio,0.0,0.0
rf_balanced,permutation,post_avg_reach_ratio,-0.0020122630992196223,0.004024526198439245
rf_balanced,permutation,post_max_reach_ratio,-0.0005258616250311418,0.0034710371612176123
rf_balanced,permutation,freq_limb_sync_ratio,0.0,0.0
rf_balanced,permutation,freq_hand_movement_amplitude,0.0,0.0
rf_balanced,permutation,freq_foot_movement_amplitude,0.01508002566853442,0.02258175598527666
rf_balanced,permutation,freq_foot_frequency_hz,0.0,0.0
rf_balanced,permutation,freq_hand_frequency_hz,0.0,0.0
rf_balanced,permutation,freq_movement_regularity,0.0,0.0
xgb_scale_pos_weight,native,post_avg_knee_angle,0.0,0.0
xgb_scale_pos_weight,native,post_knee_angle_std,0.0034026470966637135,0.0
xgb_scale_pos_weight,native,post_avg_elbow_angle,0.00408420292660594,0.0
xgb_scale_pos_weight,native,post_elbow_angle_std,0.08500511199235916,0.0
xgb_scale_pos_weight,native,post_avg_body_lean,0.11405044049024582,0.0
xgb_scale_pos_weight,native,post_body_lean_std,0.5584891438484192,0.0
xgb_scale_pos_weight,native,post_hip_width_ratio,0.0028601507656276226,0.0
xgb_scale_pos_weight,native,post_avg_reach_ratio,0.0031862370669841766,0.0
xgb_scale_pos_weight,native,post_max_reach_ratio,0.01453542523086071,0.0
xgb_scale_pos_weight,native,freq_limb_sync_ratio,0.12330473959445953,0.0
xgb_scale_pos_weight,native,freq_hand_movement_amplitude,0.009502064436674118,0.0
xgb_scale_pos_weight,native,freq_foot_movement_amplitude,0.06090523675084114,0.0
xgb_scale_pos_weight,native,freq_foot_frequency_hz,0.007476054597645998,0.0
xgb_scale_pos_weight,native,freq_hand_frequency_hz,0.002436697017401457,0.0
xgb_scale_pos_weight,native,freq_movement_regularity,0.01076190173625946,0.0
xgb_scale_pos_weight,permutation,post_avg_knee_angle,0.0,0.0
xgb_scale_pos_weight,permutation,post_knee_angle_std,0.0,0.0
xgb_scale_pos_weight,permutation,post_avg_elbow_angle,0.0,0.0
xgb_scale_pos_weight,permutation,post_elbow_angle_std,0.0,0.0
xgb_scale_pos_weight,permutation,post_avg_body_lean,0.0,0.0
xgb_scale_pos_weight,permutation,post_body_lean_std,0.4589174452795973,0.02943506957703949
xgb_scale_pos_weight,permutation,post_hip_width_ratio,0.0,0.0
xgb_scale_pos_weight,permutation,post_avg_reach_ratio,0.0,0.0
xgb_scale_pos_weight,permutation,post_max_reach_ratio,0.0,0.0
xgb_scale_pos_weight,permutation,freq_limb_sync_ratio,0.0,0.0
xgb_scale_pos_weight,permutation,freq_hand_movement_amplitude,0.0,0.0
xgb_scale_pos_weight,permutation,freq_foot_movement_amplitude,0.02305959273701208,0.0282545549533508
xgb_scale_pos_weight,permutation,freq_foot_frequency_hz,0.0,0.0
xgb_scale_pos_weight,permutation,freq_hand_frequency_hz,0.0,0.0
xgb_scale_pos_weight,permutation,freq_movement_regularity,0.0,0.0
rf_smote,native,post_avg_knee_angle,0.004617838170106792,0.0
rf_smote,native,post_knee_angle_std,0.0030803758126004485,0.0
rf_smote,native,post_avg_elbow_angle,0.005352076503845613,0.0
rf_smote,native,post_elbow_angle_std,0.010574446231126512,0.0
rf_smote,native,post_avg_body_lean,0.22439734713543216,0.0
rf_smote,native,post_body_lean_std,0.3215897669797726,0.0
rf_smote,native,post_hip_width_ratio,0.009247050671915278,0.0
rf_smote,native,post_avg_reach_ratio,0.027019408752599977,0.0
rf_smote,native,post_max_reach_ratio,0.1399176179148365,0.0
rf_smote,native,freq_limb_sync_ratio,0.041032699981251086,0.0
rf_smote,native,freq_hand_movement_amplitude,0.048732781141906746,0.0
rf_smote,native,freq_foot_movement_amplitude,0.1429799360371038,0.0
rf_smote,native,freq_foot_frequency_hz,0.0036921035545302446,0.0
rf_smote,native,freq_hand_frequency_hz,0.00499760579233372,0.0
rf_smote,native,freq_movement_regularity,0.012768945320638622,0.0
rf_smote,permutation,post_avg_knee_angle,0.0,0.0
rf_smote,permutation,post_knee_angle_std,-0.001025641025641025,0.00205128205128205
rf_smote,permutation,post_avg_elbow_angle,0.0,0.0
rf_smote,permutation,post_elbow_angle_std,0.0003591664265821637,0.02651843427664391
rf_smote,permutation,post_avg_body_lean,0.021451665768959377,0.0331779896027243
rf_smote,permutation,post_body_lean_std,0.3839584114376179,0.09654075720868499
rf_smote,permutation,post_hip_width_ratio,0.0,0.0
rf_smote,permutation,post_avg_reach_ratio,-0.0005128205128205125,0.001025641025641025
rf_smote,permutation,post_max_reach_ratio,-0.0019454082619690788,0.006136686523734313
rf_smote,permutation,freq_limb_sync_ratio,0.007378298030471948,0.014756596060943896
rf_smote,permutation,freq_hand_movement_amplitude,0.0,0.0
rf_smote,permutation,freq_foot_movement_amplitude,0.01786181779464633,0.021240608516260542
rf_smote,permutation,freq_foot_frequency_hz,0.0,0.0
rf_smote,permutation,freq_hand_frequency_hz,0.0,0.0
rf_smote,permutation,freq_movement_regularity,0.007748647523928426,0.015497295047856852
xgb_smote,native,post_avg_knee_angle,0.0025800138246268034,0.0
xgb_smote,native,post_knee_angle_std,0.0030037807300686836,0.0
xgb_smote,native,post_avg_elbow_angle,0.0,0.0
xgb_smote,native,post_elbow_angle_std,0.010173135437071323,0.0
xgb_smote,native,post_avg_body_lean,0.1451195478439331,0.0
xgb_smote,native,post_body_lean_std,0.6015272736549377,0.0
xgb_smote,native,post_hip_width_ratio,0.04407171532511711,0.0
xgb_smote,native,post_avg_reach_ratio,0.0015285513363778591,0.0
xgb_smote,native,post_max_reach_ratio,0.01972174644470215,0.0
xgb_smote,native,freq_limb_sync_ratio,0.09392058104276657,0.0
xgb_smote,native,freq_hand_movement_amplitude,0.006847096607089043,0.0
xgb_smote,native,freq_foot_movement_amplitude,0.06191147118806839,0.0
xgb_smote,native,freq_foot_frequency_hz,0.0029700957238674164,0.0
xgb_smote,native,freq_hand_frequency_hz,0.0013301294529810548,0.0
xgb_smote,native,freq_movement_regularity,0.005294869653880596,0.0
xgb_smote,permutation,post_avg_knee_angle,0.0,0.0
xgb_smote,permutation,post_knee_angle_std,0.0,0.0
xgb_smote,permutation,post_avg_elbow_angle,0.0,0.0
xgb_smote,permutation,post_elbow_angle_std,0.0,0.0
xgb_smote,permutation,post_avg_body_lean,0.0,0.0
xgb_smote,permutation,post_body_lean_std,0.4562182247715859,0.03861551209114157
xgb_smote,permutation,post_hip_width_ratio,0.0,0.0
xgb_smote,permutation,post_avg_reach_ratio,0.0,0.0
xgb_smote,permutation,post_max_reach_ratio,0.0,0.0
xgb_smote,permutation,freq_limb_sync_ratio,0.0,0.0
xgb_smote,permutation,freq_hand_movement_amplitude,0.0,0.0
xgb_smote,permutation,freq_foot_movement_amplitude,0.013254985754985748,0.023033888508131522
xgb_smote,permutation,freq_foot_frequency_hz,0.0,0.0
xgb_smote,permutation,freq_hand_frequency_hz,0.0,0.0
xgb_smote,permutation,freq_movement_regularity,0.0,0.0
