race_id,competition,extracted_frames,total_frames,success_rate,fps,frame_width,frame_height,start_frame,finish_frame,athlete_lane_inferred,athlete_mean_x,file_path
Speed_finals_Chamonix_2024_race001,chamonix_2024,98,98,100.0,30.0,1280,720,45,142,left,0.344,data/processed/poses/single_athlete/poses_chamonix_2024/Speed_finals_Chamonix_2024_race001_pose.json
Speed_finals_Chamonix_2024_race002,chamonix_2024,222,223,99.55156950672645,30.0,1280,720,45,267,left,0.343,data/processed/poses/single_athlete/poses_chamonix_2024/Speed_finals_Chamonix_2024_race002_pose.json
Speed_finals_Chamonix_2024_race003,chamonix_2024,199,199,100.0,30.0,1280,720,45,243,left,0.381,data/processed/poses/single_athlete/poses_chamonix_2024/Speed_finals_Chamonix_2024_race003_pose.json
Speed_finals_Chamonix_2024_race004,chamonix_2024,202,203,99.50738916256158,30.0,1280,720,45,247,right,0.714,data/processed/poses/single_athlete/poses_chamonix_2024/Speed_finals_Chamonix_2024_race004_pose.json
Speed_finals_Chamonix_2024_race005,chamonix_2024,191,192,99.47916666666666,30.0,1280,720,45,236,left,0.336,data/processed/poses/single_athlete/poses_chamonix_2024/Speed_finals_Chamonix_2024_race005_pose.json
Speed_finals_Chamonix_2024_race006,chamonix_2024,223,223,100.0,30.0,1280,720,45,267,left,0.338,data/processed/poses/single_athlete/poses_chamonix_2024/Speed_finals_Chamonix_2024_race006_pose.json
Speed_finals_Chamonix_2024_race007,chamonix_2024,181,185,97.83783783783784,30.0,1280,720,45,229,left,0.393,data/processed/poses/single_athlete/poses_chamonix_2024/Speed_finals_Chamonix_2024_race007_pose.json
Speed_finals_Chamonix_2024_race008,chamonix_2024,179,180,99.44444444444444,30.0,1280,720,45,224,right,0.768,data/processed/poses/single_athlete/poses_chamonix_2024/Speed_finals_Chamonix_2024_race008_pose.json
Speed_finals_Chamonix_2024_race009,chamonix_2024,185,185,100.0,30.0,1280,720,45,229,right,0.761,data/processed/poses/single_athlete/poses_chamonix_2024/Speed_finals_Chamonix_2024_race009_pose.json
Speed_finals_Chamonix_2024_race011,chamonix_2024,147,150,98.0,30.0,1280,720,45,194,right,0.757,data/processed/poses/single_athlete/poses_chamonix_2024/Speed_finals_Chamonix_2024_race011_pose.json
Speed_finals_Chamonix_2024_race012,chamonix_2024,157,157,100.0,30.0,1280,720,45,201,left,0.307,data/processed/poses/single_athlete/poses_chamonix_2024/Speed_finals_Chamonix_2024_race012_pose.json
Speed_finals_Chamonix_2024_race014,chamonix_2024,170,170,100.0,30.0,1280,720,45,214,left,0.34,data/processed/poses/single_athlete/poses_chamonix_2024/Speed_finals_Chamonix_2024_race014_pose.json
Speed_finals_Chamonix_2024_race015,chamonix_2024,179,179,100.0,30.0,1280,720,45,223,left,0.325,data/processed/poses/single_athlete/poses_chamonix_2024/Speed_finals_Chamonix_2024_race015_pose.json
Speed_finals_Chamonix_2024_race016,chamonix_2024,176,177,99.43502824858757,30.0,1280,720,45,221,right,0.718,data/processed/poses/single_athlete/poses_chamonix_2024/Speed_finals_Chamonix_2024_race016_pose.json
Speed_finals_Chamonix_2024_race017,chamonix_2024,150,151,99.33774834437085,30.0,1280,720,45,195,right,0.746,data/processed/poses/single_athlete/poses_chamonix_2024/Speed_finals_Chamonix_2024_race017_pose.json
Speed_finals_Chamonix_2024_race018,chamonix_2024,209,209,100.0,30.0,1280,720,45,253,right,0.745,data/processed/poses/single_athlete/poses_chamonix_2024/Speed_finals_Chamonix_2024_race018_pose.json
Speed_finals_Chamonix_2024_race019,chamonix_2024,218,218,100.0,30.0,1280,720,45,262,right,0.706,data/processed/poses/single_athlete/poses_chamonix_2024/Speed_finals_Chamonix_2024_race019_pose.json
Speed_finals_Chamonix_2024_race020,chamonix_2024,155,156,99.35897435897436,30.0,1280,720,90,245,left,0.296,data/processed/poses/single_athlete/poses_chamonix_2024/Speed_finals_Chamonix_2024_race020_pose.json
Speed_finals_Chamonix_2024_race021,chamonix_2024,165,171,96.49122807017544,30.0,1280,720,45,215,left,0.305,data/processed/poses/single_athlete/poses_chamonix_2024/Speed_finals_Chamonix_2024_race021_pose.json
Speed_finals_Chamonix_2024_race022,chamonix_2024,142,143,99.3006993006993,30.0,1280,720,45,187,left,0.286,data/processed/poses/single_athlete/poses_chamonix_2024/Speed_finals_Chamonix_2024_race022_pose.json
Speed_finals_Chamonix_2024_race023,chamonix_2024,180,183,98.36065573770492,30.0,1280,720,45,227,center,0.455,data/processed/poses/single_athlete/poses_chamonix_2024/Speed_finals_Chamonix_2024_race023_pose.json
Speed_finals_Chamonix_2024_race025,chamonix_2024,226,227,99.55947136563876,30.0,1280,720,45,271,right,0.718,data/processed/poses/single_athlete/poses_chamonix_2024/Speed_finals_Chamonix_2024_race025_pose.json
Speed_finals_Chamonix_2024_race026,chamonix_2024,159,160,99.375,30.0,1280,720,90,249,right,0.673,data/processed/poses/single_athlete/poses_chamonix_2024/Speed_finals_Chamonix_2024_race026_pose.json
Speed_finals_Chamonix_2024_race027,chamonix_2024,160,161,99.37888198757764,30.0,1280,720,45,205,left,0.299,data/processed/poses/single_athlete/poses_chamonix_2024/Speed_finals_Chamonix_2024_race027_pose.json
Speed_finals_Chamonix_2024_race028,chamonix_2024,155,155,100.0,30.0,1280,720,45,199,left,0.317,data/processed/poses/single_athlete/poses_chamonix_2024/Speed_finals_Chamonix_2024_race028_pose.json
Speed_finals_Chamonix_2024_race029,chamonix_2024,192,192,100.0,30.0,1280,720,45,236,left,0.329,data/processed/poses/single_athlete/poses_chamonix_2024/Speed_finals_Chamonix_2024_race029_pose.json
Speed_finals_Chamonix_2024_race030,chamonix_2024,153,154,99.35064935064936,30.0,1280,720,45,198,left,0.287,data/processed/poses/single_athlete/poses_chamonix_2024/Speed_finals_Chamonix_2024_race030_pose.json
Speed_finals_Chamonix_2024_race031,chamonix_2024,185,186,99.46236559139786,30.0,1280,720,45,230,center,0.507,data/processed/poses/single_athlete/poses_chamonix_2024/Speed_finals_Chamonix_2024_race031_pose.json
Speed_finals_Chamonix_2024_race032,chamonix_2024,179,180,99.44444444444444,30.0,1280,720,45,224,right,0.755,data/processed/poses/single_athlete/poses_chamonix_2024/Speed_finals_Chamonix_2024_race032_pose.json
Speed_finals_Innsbruck_2024_race002,innsbruck_2024,270,271,99.63099630996311,30.0,1280,720,90,360,left,0.323,data/processed/poses/single_athlete/poses_innsbruck_2024/Speed_finals_Innsbruck_2024_race002_pose.json
Speed_finals_Innsbruck_2024_race003,innsbruck_2024,168,168,100.0,30.0,1280,720,45,212,left,0.303,data/processed/poses/single_athlete/poses_innsbruck_2024/Speed_finals_Innsbruck_2024_race003_pose.json
Speed_finals_Innsbruck_2024_race005,innsbruck_2024,335,338,99.11242603550295,30.0,1280,720,45,382,left,0.389,data/processed/poses/single_athlete/poses_innsbruck_2024/Speed_finals_Innsbruck_2024_race005_pose.json
Speed_finals_Innsbruck_2024_race006,innsbruck_2024,239,241,99.1701244813278,30.0,1280,720,90,330,left,0.285,data/processed/poses/single_athlete/poses_innsbruck_2024/Speed_finals_Innsbruck_2024_race006_pose.json
Speed_finals_Innsbruck_2024_race007,innsbruck_2024,299,301,99.33554817275747,30.0,1280,720,45,345,center,0.498,data/processed/poses/single_athlete/poses_innsbruck_2024/Speed_finals_Innsbruck_2024_race007_pose.json
Speed_finals_Innsbruck_2024_race008,innsbruck_2024,210,211,99.52606635071089,30.0,1280,720,90,300,left,0.314,data/processed/poses/single_athlete/poses_innsbruck_2024/Speed_finals_Innsbruck_2024_race008_pose.json
Speed_finals_Innsbruck_2024_race009,innsbruck_2024,170,181,93.92265193370166,30.0,1280,720,90,270,left,0.315,data/processed/poses/single_athlete/poses_innsbruck_2024/Speed_finals_Innsbruck_2024_race009_pose.json
Speed_finals_Innsbruck_2024_race010,innsbruck_2024,226,226,100.0,30.0,1280,720,90,315,left,0.352,data/processed/poses/single_athlete/poses_innsbruck_2024/Speed_finals_Innsbruck_2024_race010_pose.json
Speed_finals_Innsbruck_2024_race012,innsbruck_2024,359,361,99.44598337950139,30.0,1280,720,90,450,center,0.463,data/processed/poses/single_athlete/poses_innsbruck_2024/Speed_finals_Innsbruck_2024_race012_pose.json
Speed_finals_Innsbruck_2024_race013,innsbruck_2024,361,361,100.0,30.0,1280,720,45,405,left,0.348,data/processed/poses/single_athlete/poses_innsbruck_2024/Speed_finals_Innsbruck_2024_race013_pose.json
Speed_finals_Innsbruck_2024_race014,innsbruck_2024,270,271,99.63099630996311,30.0,1280,720,90,360,left,0.338,data/processed/poses/single_athlete/poses_innsbruck_2024/Speed_finals_Innsbruck_2024_race014_pose.json
Speed_finals_Innsbruck_2024_race015,innsbruck_2024,418,421,99.2874109263658,30.0,1280,720,90,510,center,0.475,data/processed/poses/single_athlete/poses_innsbruck_2024/Speed_finals_Innsbruck_2024_race015_pose.json
Speed_finals_Innsbruck_2024_race016,innsbruck_2024,390,391,99.74424552429667,30.0,1280,720,90,480,center,0.532,data/processed/poses/single_athlete/poses_innsbruck_2024/Speed_finals_Innsbruck_2024_race016_pose.json
Speed_finals_Innsbruck_2024_race017,innsbruck_2024,247,301,82.05980066445183,30.0,1280,720,90,390,left,0.345,data/processed/poses/single_athlete/poses_innsbruck_2024/Speed_finals_Innsbruck_2024_race017_pose.json
Speed_finals_Innsbruck_2024_race018,innsbruck_2024,419,421,99.5249406175772,30.0,1280,720,45,465,left,0.266,data/processed/poses/single_athlete/poses_innsbruck_2024/Speed_finals_Innsbruck_2024_race018_pose.json
Speed_finals_Innsbruck_2024_race019,innsbruck_2024,269,271,99.2619926199262,30.0,1280,720,45,315,right,0.774,data/processed/poses/single_athlete/poses_innsbruck_2024/Speed_finals_Innsbruck_2024_race019_pose.json
Speed_finals_Innsbruck_2024_race020,innsbruck_2024,315,361,87.25761772853186,30.0,1280,720,90,450,left,0.354,data/processed/poses/single_athlete/poses_innsbruck_2024/Speed_finals_Innsbruck_2024_race020_pose.json
Speed_finals_Innsbruck_2024_race021,innsbruck_2024,210,211,99.52606635071089,30.0,1280,720,90,300,left,0.342,data/processed/poses/single_athlete/poses_innsbruck_2024/Speed_finals_Innsbruck_2024_race021_pose.json
Speed_finals_Innsbruck_2024_race022,innsbruck_2024,386,391,98.72122762148338,30.0,1280,720,45,435,center,0.494,data/processed/poses/single_athlete/poses_innsbruck_2024/Speed_finals_Innsbruck_2024_race022_pose.json
Speed_finals_Innsbruck_2024_race023,innsbruck_2024,178,259,68.72586872586872,30.0,1280,720,90,348,right,0.749,data/processed/poses/single_athlete/poses_innsbruck_2024/Speed_finals_Innsbruck_2024_race023_pose.json
Speed_finals_Innsbruck_2024_race024,innsbruck_2024,299,301,99.33554817275747,30.0,1280,720,90,390,right,0.61,data/processed/poses/single_athlete/poses_innsbruck_2024/Speed_finals_Innsbruck_2024_race024_pose.json
Speed_finals_Innsbruck_2024_race025,innsbruck_2024,360,361,99.7229916897507,30.0,1280,720,90,450,right,0.775,data/processed/poses/single_athlete/poses_innsbruck_2024/Speed_finals_Innsbruck_2024_race025_pose.json
Speed_finals_Innsbruck_2024_race026,innsbruck_2024,268,271,98.8929889298893,30.0,1280,720,45,315,center,0.456,data/processed/poses/single_athlete/poses_innsbruck_2024/Speed_finals_Innsbruck_2024_race026_pose.json
Speed_finals_Innsbruck_2024_race027,innsbruck_2024,240,241,99.5850622406639,30.0,1280,720,90,330,right,0.728,data/processed/poses/single_athlete/poses_innsbruck_2024/Speed_finals_Innsbruck_2024_race027_pose.json
Speed_finals_Innsbruck_2024_race028,innsbruck_2024,359,361,99.44598337950139,30.0,1280,720,45,405,left,0.448,data/processed/poses/single_athlete/poses_innsbruck_2024/Speed_finals_Innsbruck_2024_race028_pose.json
Speed_finals_Innsbruck_2024_race029,innsbruck_2024,350,361,96.95290858725761,30.0,1280,720,45,405,right,0.776,data/processed/poses/single_athlete/poses_innsbruck_2024/Speed_finals_Innsbruck_2024_race029_pose.json
Speed_finals_Innsbruck_2024_race030,innsbruck_2024,358,451,79.37915742793791,30.0,1280,720,45,495,right,0.626,data/processed/poses/single_athlete/poses_innsbruck_2024/Speed_finals_Innsbruck_2024_race030_pose.json
Speed_finals_Innsbruck_2024_race031,innsbruck_2024,175,181,96.68508287292818,30.0,1280,720,45,225,right,0.695,data/processed/poses/single_athlete/poses_innsbruck_2024/Speed_finals_Innsbruck_2024_race031_pose.json
Speed_finals_Innsbruck_2024_race032,innsbruck_2024,235,271,86.71586715867159,30.0,1280,720,90,360,center,0.513,data/processed/poses/single_athlete/poses_innsbruck_2024/Speed_finals_Innsbruck_2024_race032_pose.json
Speed_finals_Seoul_2024_race001,seoul_2024,199,200,99.5,30.0,1280,720,45,244,right,0.743,data/processed/poses/single_athlete/poses_seoul_2024/Speed_finals_Seoul_2024_race001_pose.json
Speed_finals_Seoul_2024_race002,seoul_2024,217,218,99.54128440366972,30.0,1280,720,45,262,left,0.302,data/processed/poses/single_athlete/poses_seoul_2024/Speed_finals_Seoul_2024_race002_pose.json
Speed_finals_Seoul_2024_race003,seoul_2024,229,229,100.0,30.0,1280,720,45,273,left,0.342,data/processed/poses/single_athlete/poses_seoul_2024/Speed_finals_Seoul_2024_race003_pose.json
Speed_finals_Seoul_2024_race004,seoul_2024,238,238,100.0,30.0,1280,720,45,282,left,0.33,data/processed/poses/single_athlete/poses_seoul_2024/Speed_finals_Seoul_2024_race004_pose.json
Speed_finals_Seoul_2024_race005,seoul_2024,215,215,100.0,30.0,1280,720,45,259,left,0.299,data/processed/poses/single_athlete/poses_seoul_2024/Speed_finals_Seoul_2024_race005_pose.json
Speed_finals_Seoul_2024_race006,seoul_2024,210,210,100.0,30.0,1280,720,45,254,left,0.287,data/processed/poses/single_athlete/poses_seoul_2024/Speed_finals_Seoul_2024_race006_pose.json
Speed_finals_Seoul_2024_race007,seoul_2024,290,301,96.3455149501661,30.0,1280,720,45,345,right,0.604,data/processed/poses/single_athlete/poses_seoul_2024/Speed_finals_Seoul_2024_race007_pose.json
Speed_finals_Seoul_2024_race008,seoul_2024,329,331,99.39577039274926,30.0,1280,720,45,375,left,0.244,data/processed/poses/single_athlete/poses_seoul_2024/Speed_finals_Seoul_2024_race008_pose.json
Speed_finals_Seoul_2024_race009,seoul_2024,217,217,100.0,30.0,1280,720,45,261,left,0.307,data/processed/poses/single_athlete/poses_seoul_2024/Speed_finals_Seoul_2024_race009_pose.json
Speed_finals_Seoul_2024_race010,seoul_2024,317,318,99.68553459119497,30.0,1280,720,45,362,right,0.638,data/processed/poses/single_athlete/poses_seoul_2024/Speed_finals_Seoul_2024_race010_pose.json
Speed_finals_Seoul_2024_race011,seoul_2024,209,211,99.0521327014218,30.0,1280,720,45,255,right,0.752,data/processed/poses/single_athlete/poses_seoul_2024/Speed_finals_Seoul_2024_race011_pose.json
Speed_finals_Seoul_2024_race012,seoul_2024,143,145,98.62068965517241,30.0,1280,720,45,189,right,0.71,data/processed/poses/single_athlete/poses_seoul_2024/Speed_finals_Seoul_2024_race012_pose.json
Speed_finals_Seoul_2024_race013,seoul_2024,312,314,99.36305732484077,30.0,1280,720,45,358,right,0.645,data/processed/poses/single_athlete/poses_seoul_2024/Speed_finals_Seoul_2024_race013_pose.json
Speed_finals_Seoul_2024_race014,seoul_2024,162,162,100.0,30.0,1280,720,45,206,right,0.762,data/processed/poses/single_athlete/poses_seoul_2024/Speed_finals_Seoul_2024_race014_pose.json
Speed_finals_Seoul_2024_race015,seoul_2024,317,318,99.68553459119497,30.0,1280,720,45,362,right,0.589,data/processed/poses/single_athlete/poses_seoul_2024/Speed_finals_Seoul_2024_race015_pose.json
Speed_finals_Seoul_2024_race016,seoul_2024,200,200,100.0,30.0,1280,720,45,244,left,0.309,data/processed/poses/single_athlete/poses_seoul_2024/Speed_finals_Seoul_2024_race016_pose.json
Speed_finals_Seoul_2024_race017,seoul_2024,307,307,100.0,30.0,1280,720,45,351,left,0.36,data/processed/poses/single_athlete/poses_seoul_2024/Speed_finals_Seoul_2024_race017_pose.json
Speed_finals_Seoul_2024_race018,seoul_2024,199,199,100.0,30.0,1280,720,45,243,left,0.283,data/processed/poses/single_athlete/poses_seoul_2024/Speed_finals_Seoul_2024_race018_pose.json
Speed_finals_Seoul_2024_race019,seoul_2024,294,295,99.66101694915255,30.0,1280,720,45,339,left,0.386,data/processed/poses/single_athlete/poses_seoul_2024/Speed_finals_Seoul_2024_race019_pose.json
Speed_finals_Seoul_2024_race020,seoul_2024,181,182,99.45054945054946,30.0,1280,720,45,226,left,0.397,data/processed/poses/single_athlete/poses_seoul_2024/Speed_finals_Seoul_2024_race020_pose.json
Speed_finals_Seoul_2024_race021,seoul_2024,188,188,100.0,30.0,1280,720,45,232,left,0.314,data/processed/poses/single_athlete/poses_seoul_2024/Speed_finals_Seoul_2024_race021_pose.json
Speed_finals_Seoul_2024_race024,seoul_2024,314,314,100.0,30.0,1280,720,45,358,left,0.318,data/processed/poses/single_athlete/poses_seoul_2024/Speed_finals_Seoul_2024_race024_pose.json
Speed_finals_Seoul_2024_race025,seoul_2024,374,374,100.0,30.0,1280,720,45,418,left,0.349,data/processed/poses/single_athlete/poses_seoul_2024/Speed_finals_Seoul_2024_race025_pose.json
Speed_finals_Seoul_2024_race026,seoul_2024,199,199,100.0,30.0,1280,720,45,243,left,0.303,data/processed/poses/single_athlete/poses_seoul_2024/Speed_finals_Seoul_2024_race026_pose.json
Speed_finals_Seoul_2024_race027,seoul_2024,161,163,98.77300613496932,30.0,1280,720,45,207,left,0.3,data/processed/poses/single_athlete/poses_seoul_2024/Speed_finals_Seoul_2024_race027_pose.json
Speed_finals_Seoul_2024_race028,seoul_2024,290,292,99.31506849315068,30.0,1280,720,45,336,right,0.553,data/processed/poses/single_athlete/poses_seoul_2024/Speed_finals_Seoul_2024_race028_pose.json
Speed_finals_Seoul_2024_race029,seoul_2024,194,195,99.48717948717949,30.0,1280,720,45,239,center,0.487,data/processed/poses/single_athlete/poses_seoul_2024/Speed_finals_Seoul_2024_race029_pose.json
Speed_finals_Seoul_2024_race030,seoul_2024,211,212,99.52830188679245,30.0,1280,720,45,256,left,0.284,data/processed/poses/single_athlete/poses_seoul_2024/Speed_finals_Seoul_2024_race030_pose.json
Speed_finals_Seoul_2024_race031,seoul_2024,175,176,99.43181818181817,30.0,1280,720,45,220,left,0.305,data/processed/poses/single_athlete/poses_seoul_2024/Speed_finals_Seoul_2024_race031_pose.json
Speed_finals_Villars_2024_race001,villars_2024,174,175,99.42857142857143,30.0,1280,720,45,219,left,0.358,data/processed/poses/single_athlete/poses_villars_2024/Speed_finals_Villars_2024_race001_pose.json
Speed_finals_Villars_2024_race003,villars_2024,155,156,99.35897435897436,30.0,1280,720,45,200,right,0.718,data/processed/poses/single_athlete/poses_villars_2024/Speed_finals_Villars_2024_race003_pose.json
Speed_finals_Villars_2024_race004,villars_2024,162,165,98.18181818181819,30.0,1280,720,45,209,right,0.713,data/processed/poses/single_athlete/poses_villars_2024/Speed_finals_Villars_2024_race004_pose.json
Speed_finals_Villars_2024_race005,villars_2024,145,145,100.0,30.0,1280,720,45,189,right,0.702,data/processed/poses/single_athlete/poses_villars_2024/Speed_finals_Villars_2024_race005_pose.json
Speed_finals_Villars_2024_race006,villars_2024,149,151,98.67549668874173,30.0,1280,720,45,195,right,0.709,data/processed/poses/single_athlete/poses_villars_2024/Speed_finals_Villars_2024_race006_pose.json
Speed_finals_Villars_2024_race007,villars_2024,193,193,100.0,30.0,1280,720,45,237,left,0.327,data/processed/poses/single_athlete/poses_villars_2024/Speed_finals_Villars_2024_race007_pose.json
Speed_finals_Villars_2024_race008,villars_2024,248,262,94.65648854961832,30.0,1280,720,45,306,left,0.389,data/processed/poses/single_athlete/poses_villars_2024/Speed_finals_Villars_2024_race008_pose.json
Speed_finals_Villars_2024_race009,villars_2024,247,248,99.59677419354838,30.0,1280,720,45,292,right,0.559,data/processed/poses/single_athlete/poses_villars_2024/Speed_finals_Villars_2024_race009_pose.json
Speed_finals_Villars_2024_race010,villars_2024,200,209,95.69377990430623,30.0,1280,720,45,253,right,0.722,data/processed/poses/single_athlete/poses_villars_2024/Speed_finals_Villars_2024_race010_pose.json
Speed_finals_Villars_2024_race011,villars_2024,253,259,97.68339768339769,30.0,1280,720,45,303,left,0.376,data/processed/poses/single_athlete/poses_villars_2024/Speed_finals_Villars_2024_race011_pose.json
Speed_finals_Villars_2024_race012,villars_2024,204,205,99.51219512195122,30.0,1280,720,45,249,left,0.319,data/processed/poses/single_athlete/poses_villars_2024/Speed_finals_Villars_2024_race012_pose.json
Speed_finals_Villars_2024_race014,villars_2024,162,162,100.0,30.0,1280,720,45,206,right,0.715,data/processed/poses/single_athlete/poses_villars_2024/Speed_finals_Villars_2024_race014_pose.json
Speed_finals_Villars_2024_race016,villars_2024,166,167,99.40119760479041,30.0,1280,720,45,211,right,0.714,data/processed/poses/single_athlete/poses_villars_2024/Speed_finals_Villars_2024_race016_pose.json
Speed_finals_Villars_2024_race017,villars_2024,204,204,100.0,30.0,1280,720,45,248,right,0.723,data/processed/poses/single_athlete/poses_villars_2024/Speed_finals_Villars_2024_race017_pose.json
Speed_finals_Villars_2024_race018,villars_2024,210,211,99.52606635071089,30.0,1280,720,45,255,left,0.345,data/processed/poses/single_athlete/poses_villars_2024/Speed_finals_Villars_2024_race018_pose.json
Speed_finals_Villars_2024_race020,villars_2024,306,307,99.6742671009772,30.0,1280,720,45,351,left,0.327,data/processed/poses/single_athlete/poses_villars_2024/Speed_finals_Villars_2024_race020_pose.json
Speed_finals_Villars_2024_race021,villars_2024,254,254,100.0,30.0,1280,720,45,298,left,0.325,data/processed/poses/single_athlete/poses_villars_2024/Speed_finals_Villars_2024_race021_pose.json
Speed_finals_Villars_2024_race022,villars_2024,212,217,97.6958525345622,30.0,1280,720,45,261,center,0.475,data/processed/poses/single_athlete/poses_villars_2024/Speed_finals_Villars_2024_race022_pose.json
Speed_finals_Villars_2024_race024,villars_2024,154,156,98.71794871794873,30.0,1280,720,45,200,right,0.702,data/processed/poses/single_athlete/poses_villars_2024/Speed_finals_Villars_2024_race024_pose.json
Speed_finals_Zilina_2025_race012,zilina_2025,265,391,67.77493606138107,30.0,1280,720,45,435,left,0.25,data/processed/poses/single_athlete/poses_zilina_2025/Speed_finals_Zilina_2025_race012_pose.json
Speed_finals_Zilina_2025_race020,zilina_2025,324,451,71.84035476718404,30.0,1280,720,45,495,left,0.294,data/processed/poses/single_athlete/poses_zilina_2025/Speed_finals_Zilina_2025_race020_pose.json
Speed_finals_Zilina_2025_race023,zilina_2025,183,205,89.26829268292683,30.0,1280,720,45,249,left,0.273,data/processed/poses/single_athlete/poses_zilina_2025/Speed_finals_Zilina_2025_race023_pose.json
Speed_finals_Zilina_2025_race037,zilina_2025,366,451,81.1529933481153,30.0,1280,720,45,495,left,0.254,data/processed/poses/single_athlete/poses_zilina_2025/Speed_finals_Zilina_2025_race037_pose.json
Speed_finals_Zilina_2025_race039,zilina_2025,356,421,84.56057007125891,30.0,1280,720,45,465,right,0.739,data/processed/poses/single_athlete/poses_zilina_2025/Speed_finals_Zilina_2025_race039_pose.json
Speed_finals_Zilina_2025_race040,zilina_2025,292,451,64.7450110864745,30.0,1280,720,45,495,left,0.299,data/processed/poses/single_athlete/poses_zilina_2025/Speed_finals_Zilina_2025_race040_pose.json
Speed_finals_Zilina_2025_race046,zilina_2025,355,421,84.32304038004752,30.0,1280,720,45,465,left,0.237,data/processed/poses/single_athlete/poses_zilina_2025/Speed_finals_Zilina_2025_race046_pose.json
Speed_finals_Zilina_2025_race060,zilina_2025,387,421,91.92399049881234,30.0,1280,720,45,465,left,0.34,data/processed/poses/single_athlete/poses_zilina_2025/Speed_finals_Zilina_2025_race060_pose.json
